Date,Close,Volume,100_MA
2015-12-14,51.099998,21586800,
2015-12-15,52.52,21642300,
2015-12-16,53.900002,26044800,
2015-12-17,52.84,17179600,
2015-12-18,51.209998999999996,25509600,
2015-12-21,51.790001000000004,16929000,
2015-12-22,52.009997999999996,13241300,
2015-12-23,52.630001,14950200,
2015-12-24,52.709998999999996,4671200,
2015-12-28,52.380001,8761700,
2015-12-29,52.98,10155100,
2015-12-30,52.299999,8763300,
2015-12-31,51.75,11281800,
2016-01-04,51.130001,23440200,
2016-01-05,50.860001000000004,17444900,
2016-01-06,50.119999,22501800,
2016-01-07,47.560001,37902900,
2016-01-08,46.130001,30643000,
2016-01-11,46.849998,26284600,
2016-01-12,46.880001,26310000,
2016-01-13,45.189999,27925800,
2016-01-14,45.380001,30129500,
2016-01-15,42.470001,52452600,
2016-01-19,41.939999,39032700,
2016-01-20,40.490002000000004,49905400,
2016-01-21,40.150002,34976700,
2016-01-22,41.060001,30187200,
2016-01-25,39.549999,31924000,
2016-01-26,40.5,23508400,
2016-01-27,40.560001,28274800,
2016-01-28,40.389998999999996,23212800,
2016-01-29,42.580002,36107600,
2016-02-01,42.48,22860300,
2016-02-02,40.419998,31460900,
2016-02-03,40.360001000000004,43680300,
2016-02-04,40.790001000000004,26732600,
2016-02-05,39.860001000000004,23599700,
2016-02-08,37.810001,35237100,
2016-02-09,37.509997999999996,39767200,
2016-02-10,37.41,33390000,
2016-02-11,34.98,48945600,
2016-02-12,37.540001000000004,38120400,
2016-02-16,38.889998999999996,31802500,
2016-02-17,39.779999,29133500,
2016-02-18,38.919998,24107700,
2016-02-19,38.990002000000004,22426000,
2016-02-22,39.52,22028600,
2016-02-23,38.220001,26234200,
2016-02-24,38.09,25912400,
2016-02-25,38.619999,19889500,
2016-02-26,39.5,23757400,
2016-02-29,38.849998,22268700,
2016-03-01,41.27,30606800,
2016-03-02,42.220001,28383800,
2016-03-03,42.830002,21835200,
2016-03-04,42.830002,28071000,
2016-03-07,42.610001000000004,22134600,
2016-03-08,41.049999,26265000,
2016-03-09,41.150002,18573900,
2016-03-10,41.369999,21139800,
2016-03-11,42.990002000000004,21068500,
2016-03-14,42.669998,15332700,
2016-03-15,42.59,13784700,
2016-03-16,42.23,22981000,
2016-03-17,42.849998,24262800,
2016-03-18,43.540001000000004,30801900,
2016-03-21,43.599998,16226400,
2016-03-22,43.380001,14885100,
2016-03-23,42.369999,23989200,
2016-03-24,41.939999,22723400,
2016-03-28,41.919998,13062400,
2016-03-29,41.720001,18160100,
2016-03-30,41.880001,14763200,
2016-03-31,41.75,15661700,
2016-04-01,42.470001,17749500,
2016-04-04,42.060001,14376300,
2016-04-05,41.509997999999996,17867800,
2016-04-06,41.860001000000004,16169900,
2016-04-07,40.27,22618000,
2016-04-08,40.470001,14676100,
2016-04-11,41.119999,21083700,
2016-04-12,41.900002,19888700,
2016-04-13,44.25,33135400,
2016-04-14,44.98,26885100,
2016-04-15,44.919998,39168600,
2016-04-18,45.110001000000004,22929900,
2016-04-19,45.630001,18833300,
2016-04-20,46.740002000000004,21645700,
2016-04-21,46.599998,21538600,
2016-04-22,46.970001,17425900,
2016-04-25,46.689999,13480500,
2016-04-26,47.099998,15573600,
2016-04-27,47.330002,19444700,
2016-04-28,46.73,18399500,
2016-04-29,46.279999,23922700,
2016-05-02,46.68,13802500,
2016-05-03,45.57,21186200,
2016-05-04,44.66,24310500,
2016-05-05,44.23,14912000,
2016-05-06,44.41,17632500,43.857500070000015
2016-05-09,43.889998999999996,14251900,43.78540008000002
2016-05-10,44.84,13608900,43.70860008000002
2016-05-11,44.470001,15997900,43.614300070000006
2016-05-12,44.0,15551500,43.525900070000006
2016-05-13,43.110001000000004,19433500,43.44490009000001
2016-05-16,43.150002,17158400,43.35850010000001
2016-05-17,43.700001,19943000,43.275400130000016
2016-05-18,45.869999,37645200,43.20780011000001
2016-05-19,45.060001,23036100,43.13130013000001
2016-05-20,44.900002,19610200,43.056500140000004
2016-05-23,45.110001000000004,15050500,42.977800150000014
2016-05-24,45.860001000000004,18976500,42.91340017000002
2016-05-25,46.939999,23944600,42.86530016000002
2016-05-26,46.110001000000004,16956600,42.815100160000014
2016-05-27,46.580002,13854500,42.77230017000001
2016-05-31,46.57,21404000,42.73680018000001
2016-06-01,46.939999,17212500,42.730600160000016
2016-06-02,46.970001,15483800,42.73900016
2016-06-03,45.389998999999996,36961500,42.72440017000001
2016-06-06,45.740002000000004,17321400,42.71300018000001
2016-06-07,45.540001000000004,12089800,42.71650020000001
2016-06-08,45.560001,13147300,42.7183002
2016-06-09,45.009997999999996,17069000,42.74370017000001
2016-06-10,43.900002,23071100,42.76330020000001
2016-06-13,43.16,20612100,42.79000018000001
2016-06-14,41.959998999999996,27621300,42.80810015
2016-06-15,42.009997999999996,21934200,42.81760012000001
2016-06-16,42.119999,19904800,42.84330012
2016-06-17,42.48,25113400,42.86310012
2016-06-20,42.799999,20244000,42.8855001
2016-06-21,42.919998,14714900,42.91080009
2016-06-22,42.68,18087600,42.911800070000005
2016-06-23,44.459998999999996,25703000,42.93160006000001
2016-06-24,40.299999,71849800,42.930400070000005
2016-06-27,38.48,53380200,42.91160006
2016-06-28,40.439999,38605600,42.90810004
2016-06-29,42.119999,34004100,42.930700019999996
2016-06-30,42.389998999999996,34485400,42.976499999999994
2016-07-01,42.169998,19399600,43.02309999999999
2016-07-05,40.779999,25571100,43.05679999
2016-07-06,41.060001,27713900,43.1176
2016-07-07,41.290001000000004,24585500,43.155100000000004
2016-07-08,41.98,29468600,43.18600001
2016-07-11,42.290001000000004,19752600,43.21110003
2016-07-12,43.439999,23803600,43.25630004
2016-07-13,43.330002,20488200,43.29970003999999
2016-07-14,44.450001,37093600,43.34900004999999
2016-07-15,44.330002,29198800,43.410100059999984
2016-07-18,44.57,18683900,43.47490005999998
2016-07-19,44.349998,15297300,43.532200049999986
2016-07-20,44.470001,16547100,43.58190005999998
2016-07-21,44.130001,14924900,43.63470008999999
2016-07-22,44.299999,12764200,43.665000079999984
2016-07-25,44.040001000000004,14391400,43.683200079999985
2016-07-26,44.150002,16152500,43.69640008
2016-07-27,44.290001000000004,17814200,43.71100007
2016-07-28,44.080002,13239600,43.725700079999996
2016-07-29,43.810001,13773700,43.7533001
2016-08-01,43.419998,14794400,43.776000059999994
2016-08-02,42.990002000000004,20089100,43.792200089999994
2016-08-03,43.889998999999996,14708300,43.80120005999999
2016-08-04,43.84,11747900,43.81290007999999
2016-08-05,45.720001,28566800,43.84420008999999
2016-08-08,45.959998999999996,16861600,43.88150007999999
2016-08-09,45.900002,12203800,43.912000119999995
2016-08-10,45.450001,16566700,43.93110011999999
2016-08-11,45.73,14819400,43.95240013999999
2016-08-12,45.580002,12472900,43.97440014999998
2016-08-15,46.389998999999996,12252700,44.014600149999985
2016-08-16,46.619999,15202100,44.06140014999998
2016-08-17,46.630001,17899300,44.108500179999986
2016-08-18,46.5,14190300,44.15630016999999
2016-08-19,46.529999,12207600,44.20280014999999
2016-08-22,46.66,11007500,44.25190014999998
2016-08-23,46.59,13345500,44.293100139999986
2016-08-24,46.66,16054400,44.33910012999999
2016-08-25,46.720001,16520200,44.39120015999999
2016-08-26,47.110001000000004,23338500,44.44370015999999
2016-08-29,47.259997999999996,16700000,44.51360013999998
2016-08-30,47.900002,17519800,44.58790014999999
2016-08-31,47.740002000000004,20826600,44.65410017999999
2016-09-01,47.360001000000004,19403900,44.70870016999999
2016-09-02,47.509997999999996,16293000,44.74130014999999
2016-09-06,47.290001000000004,17649500,44.764400159999994
2016-09-07,47.48,13610600,44.790000179999986
2016-09-08,47.790001000000004,15856400,44.816800179999994
2016-09-09,47.169998,20468100,44.83220014999999
2016-09-12,47.790001000000004,22074800,44.84270014
2016-09-13,46.919998,19885000,44.845900140000005
2016-09-14,46.75,19778400,44.84370013000001
2016-09-15,47.080002,14133200,44.84760016
2016-09-16,46.41,24820800,44.840700180000006
2016-09-19,46.59,12759700,44.83330016000001
2016-09-20,46.540001000000004,13749400,44.831400170000016
2016-09-21,46.900002,16605200,44.83760020000002
2016-09-22,47.110001000000004,16247600,44.84190021000001
2016-09-23,47.150002,14793500,44.85770023000002
2016-09-26,45.889998999999996,22646700,44.87000022000002
2016-09-27,46.369999,16165700,44.89140021000002
2016-09-28,46.869999,15871600,44.91600020000001
2016-09-29,45.799999,28066800,44.935100200000015
2016-09-30,47.23,25563100,44.95900020000001
2016-10-03,47.029999,13819800,44.984600180000015
2016-10-04,47.75,25542000,45.02210018000002
2016-10-05,48.650002,18173400,45.077500190000016
2016-10-06,49.07,15721000,45.13670017000001
2016-10-07,49.279999,16584000,45.192500150000015
2016-10-10,49.549999,14022700,45.229300150000014
2016-10-11,48.990002000000004,16033300,45.26860016000003
2016-10-12,48.700001,14407300,45.30660015000002
2016-10-13,48.470001,22302200,45.340200150000015
2016-10-14,48.610001000000004,28291800,45.36770015000002
2016-10-17,48.599998,16655000,45.384300140000015
2016-10-18,48.990002000000004,18159900,45.41310015000002
2016-10-19,49.48,14663600,45.442100130000014
2016-10-20,49.580002,13522600,45.47220015000002
2016-10-21,49.57,12728600,45.49850016000001
2016-10-24,49.580002,10753500,45.524600170000014
2016-10-25,49.59,9790500,45.566600180000016
2016-10-26,50.009997999999996,13960000,45.609300140000016
2016-10-27,49.93,19181400,45.653200130000016
2016-10-28,49.560001,17780300,45.693200130000015
2016-10-31,49.150002,15173400,45.734600170000014
2016-11-01,48.939999,20691100,45.78500014000001
2016-11-02,48.540001000000004,15824100,45.83880015000002
2016-11-03,48.189999,16224300,45.90110015000002
2016-11-04,48.169998,14152500,45.96270015000002
2016-11-07,49.82,19357600,46.039700160000024
2016-11-08,49.91,17548300,46.114000160000025
2016-11-09,51.59,59210400,46.20190017000002
2016-11-10,53.610001000000004,52067300,46.30880020000002
2016-11-11,52.830002,41858600,46.41030022000002
2016-11-14,54.68,43113100,46.51250023000002
2016-11-15,55.450001,33433800,46.66400025000003
2016-11-16,54.630001,24200100,46.825500260000034
2016-11-17,55.450001,24579000,46.97560028000004
2016-11-18,55.459998999999996,24990000,47.10900028000004
2016-11-21,55.540001000000004,20410400,47.240500300000036
2016-11-22,56.099998,21975900,47.379800300000035
2016-11-23,56.689999,19906300,47.53890030000003
2016-11-25,56.779999,11488200,47.69610028000004
2016-11-28,55.470001,23645000,47.83790028000003
2016-11-29,55.52,15725400,47.97330028000004
2016-11-30,56.389998999999996,24395100,48.114300260000036
2016-12-01,57.27,27592500,48.25260027000004
2016-12-02,56.02,25110300,48.37950025000005
2016-12-05,57.279999,24404500,48.50780023000005
2016-12-06,57.919998,21487500,48.643700190000054
2016-12-07,59.060001,30517600,48.788600200000054
2016-12-08,60.150002,32536000,48.94660024000006
2016-12-09,60.040001000000004,22804900,49.10230024000007
2016-12-12,59.549999,21879400,49.25650022000006
2016-12-13,59.790001000000004,22014500,49.41140024000006
2016-12-14,59.450001,31399400,49.56550024000006
2016-12-15,60.23,22389300,49.726300220000056
2016-12-16,59.75,28405900,49.88090021000006
2016-12-19,59.66,17654400,50.036700190000055
2016-12-20,60.799999,23439800,50.20660017000006
2016-12-21,60.75,15090200,50.37990019000005
2016-12-22,60.490002000000004,14571100,50.55490019000004
2016-12-23,60.990002000000004,9314000,50.72590022000005
2016-12-27,61.09,9544000,50.89840022000005
2016-12-28,60.040001000000004,17127400,51.041600220000056
2016-12-29,59.380001,17121200,51.175800240000065
2016-12-30,59.43,16588500,51.311100220000064
2017-01-03,60.59,18322400,51.46250021000006
2017-01-04,61.41,16947500,51.61930021000006
2017-01-05,60.34,18317900,51.76690019000007
2017-01-06,60.549999,16778400,51.90850019000007
2017-01-09,60.220001,14593000,52.044500210000066
2017-01-10,60.23,13483300,52.18050020000006
2017-01-11,59.959998999999996,20737600,52.31510019000006
2017-01-12,59.23,22778900,52.44210020000005
2017-01-13,59.630001,21045200,52.571800210000056
2017-01-17,58.380001,25013800,52.689700220000056
2017-01-18,57.389998999999996,29276200,52.79700021000006
2017-01-19,56.66,24932400,52.89640020000006
2017-01-20,56.110001000000004,27722300,52.98640020000006
2017-01-23,55.68,23130200,53.07060022000007
2017-01-24,56.740002000000004,18416400,53.159000220000074
2017-01-25,57.689999,21492900,53.25850019000007
2017-01-26,57.360001000000004,20792700,53.358500190000065
2017-01-27,57.110001000000004,17074200,53.454500220000064
2017-01-30,56.610001000000004,17537600,53.54770022000006
2017-01-31,55.830002,29221000,53.63120024000006
2017-02-01,56.049999,17441500,53.71380022000006
2017-02-02,55.98,15586800,53.80190024000005
2017-02-03,57.759997999999996,21404100,53.90160021000004
2017-02-06,57.639998999999996,15680200,54.00880022000004
2017-02-07,57.189999,13996900,54.11320021000004
2017-02-08,56.32,18626600,54.20560019000004
2017-02-09,57.259997999999996,18054100,54.31410017000004
2017-02-10,57.630001,14421700,54.42450018000004
2017-02-13,58.950001,22779800,54.54860018000004
2017-02-14,59.830002,22359300,54.67790018000003
2017-02-15,60.5,22423900,54.81180017000003
2017-02-16,60.380001,15916600,54.94410016000003
2017-02-17,60.169998,15120600,55.08690015000004
2017-02-21,60.549999,15812700,55.22870015000004
2017-02-22,60.619999,16025700,55.36620015000004
2017-02-23,60.619999,14624400,55.514400150000036
2017-02-24,59.560001,19900300,55.63770016000004
2017-02-27,60.02,15711400,55.767600170000044
2017-02-28,59.810001,17237500,55.88820018000004
2017-03-01,61.540001000000004,26421700,56.01710017000004
2017-03-02,60.630001,17270300,56.13270018000005
2017-03-03,61.0,15178600,56.24990019000004
2017-03-06,60.279999,14979400,56.35720019000005
2017-03-07,60.5,17297800,56.472300170000054
2017-03-08,61.110001000000004,30724000,56.59640017000005
2017-03-09,61.549999,21429300,56.72720015000005
2017-03-10,61.490002000000004,17421900,56.85600016000005
2017-03-13,61.529999,13481500,56.98530017000005
2017-03-14,61.439999,11819700,57.10980014000006
2017-03-15,60.84,20086900,57.22340014000007
2017-03-16,61.150002,15198300,57.33910014000007
2017-03-17,60.369999,32281900,57.447100130000074
2017-03-20,59.59,14813800,57.54720011000008
2017-03-21,58.040001000000004,34140400,57.631700120000076
2017-03-22,57.77,25648500,57.70930014000009
2017-03-23,58.049999,16916500,57.79050013000008
2017-03-24,58.07,13504400,57.87560012000008
2017-03-27,58.330002,17257200,57.96740012000007
2017-03-28,59.419998,15391100,58.072200110000075
2017-03-29,59.389998999999996,13457400,58.18070009000007
2017-03-30,60.509997999999996,14886200,58.303900080000076
2017-03-31,59.82,14407900,58.42040010000007
2017-04-03,59.68,15460500,58.51900010000008
2017-04-04,59.68,9745600,58.61670010000008
2017-04-05,59.59,20295200,58.69670010000008
2017-04-06,59.889998999999996,13806000,58.75950008000008
2017-04-07,59.43,13449300,58.82550006000009
2017-04-10,59.279999,12096700,58.87150005000009
2017-04-11,59.029999,15247800,58.90730003000009
2017-04-12,58.509997999999996,15223400,58.94610000000009
2017-04-13,58.040001000000004,31784400,58.97200000000009
2017-04-17,58.990002000000004,14657300,59.00730003000009
2017-04-18,58.419998,16891000,59.03610000000009
2017-04-19,57.73,18104200,59.052400020000086
2017-04-20,58.41,17074800,59.06960003000008
2017-04-21,57.720001,15255900,59.079000050000076
2017-04-24,59.439999,24400300,59.118700030000085
2017-04-25,60.209998999999996,21593500,59.16560002000008
2017-04-26,60.099998,16058000,59.20270001000007
2017-04-27,59.389998999999996,14025900,59.223900000000064
2017-04-28,59.119999,11917100,59.254899990000055
2017-05-01,59.459998999999996,12879400,59.276699990000054
2017-05-02,59.709998999999996,11471900,59.294600000000045
2017-05-03,60.240002000000004,12845300,59.306400010000054
2017-05-04,60.209998999999996,14509800,59.30699998000004
2017-05-05,60.240002000000004,11484300,59.30899999000004
2017-05-08,60.5,8458300,59.31850000000004
2017-05-09,60.23,13179900,59.32289999000003
2017-05-10,60.369999,11607300,59.33209997000003
2017-05-11,60.700001,16314000,59.33679998000003
2017-05-12,61.07,15393200,59.34999998000003
2017-05-15,61.419998,14838500,59.367599960000035
2017-05-16,62.490002000000004,21199500,59.38449999000003
2017-05-17,59.98,33251400,59.37679999000002
2017-05-18,60.080002,25142200,59.37269999000002
2017-05-19,61.099998,20266600,59.37379995000001
2017-05-22,61.060001,11744800,59.37349996000001
2017-05-23,61.709998999999996,12414300,59.39019994
2017-05-24,62.27,16102700,59.41909993
2017-05-25,61.950001,13368600,59.44429994
2017-05-26,62.07,10850300,59.459099939999994
2017-05-30,61.639998999999996,12603800,59.46139993
2017-05-31,60.540001000000004,23150500,59.46339994
2017-06-01,61.080002,13922400,59.468699969999996
2017-06-02,61.110001000000004,13643600,59.47759997
2017-06-05,61.25,10024900,59.487799970000005
2017-06-06,61.009997999999996,10764300,59.49829996000001
2017-06-07,61.880001,16056100,59.524799970000025
2017-06-08,63.209998999999996,25925700,59.56059995000001
2017-06-09,64.449997,31488800,59.621299910000005
2017-06-12,64.32,27444400,59.690599920000004
2017-06-13,64.690002,18749000,59.77089994000001
2017-06-14,64.720001,20791600,59.85699994000001
2017-06-15,64.099998,15111500,59.94119992
2017-06-16,63.889998999999996,19549900,60.01269989
2017-06-19,64.480003,13264800,60.08059993
2017-06-20,63.91,12162800,60.14609992
2017-06-21,63.830002,13532800,60.21329992999999
2017-06-22,63.619999,11344700,60.283399909999986
2017-06-23,63.41,16395300,60.35919988999999
2017-06-26,63.779999,14978000,60.43649988999999
2017-06-27,64.230003,16416300,60.51899992
2017-06-28,65.18,24015200,60.59319994
2017-06-29,66.980003,40827200,60.68659997999999
2017-06-30,66.879997,15832300,60.78349995999999
2017-07-03,68.260002,16488300,60.902899979999994
2017-07-05,68.449997,17783100,61.014799969999984
2017-07-06,67.629997,17960700,61.11479992999998
2017-07-07,67.910004,14735300,61.20439995999998
2017-07-10,67.650002,12613800,61.28259995999999
2017-07-11,66.82,17134600,61.34579995999999
2017-07-12,66.91999799999999,16881700,61.41119992999998
2017-07-13,67.019997,20152000,61.47969991999999
2017-07-14,66.720001,20742300,61.541399939999984
2017-07-17,66.83000200000001,17498000,61.60349996999999
2017-07-18,66.889999,15965900,61.66619996999999
2017-07-19,66.699997,12687300,61.73759992999999
2017-07-20,66.360001,14027600,61.80099993999998
2017-07-21,66.0,14075500,61.86289992999998
2017-07-24,66.099998,14848400,61.90849989999998
2017-07-25,68.029999,30833600,61.98249987999998
2017-07-26,67.980003,19228500,62.052299909999974
2017-07-27,67.599998,22650200,62.125499899999966
2017-07-28,67.43,13604500,62.19479989999997
2017-07-31,68.449997,23059300,62.26819985999997
2017-08-01,69.599998,22974700,62.34869984999997
2017-08-02,69.41999799999999,19095600,62.42799980999997
2017-08-03,68.129997,20937900,62.49399978999996
2017-08-04,68.980003,18148400,62.56939982999996
2017-08-07,69.040001,12961100,62.65139983999996
2017-08-08,68.879997,16645900,62.72869978999996
2017-08-09,68.43,19195700,62.80929979999996
2017-08-10,67.220001,19147200,62.88559980999996
2017-08-11,66.800003,15172800,62.973199829999956
2017-08-14,67.889999,15120200,63.074399819999954
2017-08-15,67.970001,15472000,63.17359983999995
2017-08-16,67.709999,15064500,63.26999982999995
2017-08-17,66.599998,14487900,63.35269978999995
2017-08-18,66.58000200000001,13628900,63.424299829999946
2017-08-21,65.949997,15791100,63.48989980999994
2017-08-22,66.849998,13247000,63.553299809999935
2017-08-23,67.230003,10031600,63.62739983999993
2017-08-24,67.690002,11524800,63.707499859999935
2017-08-25,67.849998,11883100,63.78919983999993
2017-08-28,67.809998,10797600,63.87139981999992
2017-08-29,67.480003,12448000,63.94729985999992
2017-08-30,68.010002,9152000,64.03309987999992
2017-08-31,68.029999,12439300,64.12059987999992
2017-09-01,68.58000200000001,10720600,64.21609990999991
2017-09-05,67.160004,17649500,64.30259996999992
2017-09-06,67.32,11849400,64.3953999599999
2017-09-07,66.059998,20307800,64.4660999199999
2017-09-08,66.16999799999999,13438000,64.5435999199999
2017-09-11,67.709999,17287000,64.64339990999991
2017-09-12,68.790001,15495400,64.74719991999991
2017-09-13,69.389999,17467300,64.86389989999992
2017-09-14,69.239998,15022100,64.96189988999991
2017-09-15,69.040001,18360900,65.05019990999992
2017-09-18,70.599998,18027800,65.15519990999992
2017-09-19,71.150002,15466000,65.27279993999993
2017-09-20,71.459999,19788100,65.39619993999992
2017-09-21,71.760002,11509200,65.51919996999993
2017-09-22,71.400002,10446600,65.63609999999993
2017-09-25,70.839996,10762800,65.74209993999993
2017-09-26,70.940002,11553800,65.84939996999994
2017-09-27,72.279999,18092200,65.96979993999994
2017-09-28,72.650002,13845900,66.09129995999994
2017-09-29,72.739998,12777300,66.21639993999995
2017-10-02,73.800003,13386300,66.35069997999996
2017-10-03,74.129997,11925100,66.48499993999995
2017-10-04,74.059998,12904100,66.61489991999996
2017-10-05,75.720001,19701200,66.75789994999995
2017-10-06,75.639999,16119900,66.88939991999995
2017-10-09,75.389999,12830800,67.04349990999995
2017-10-10,75.18,13866600,67.19449988999995
2017-10-11,74.940002,18597900,67.33289992999995
2017-10-12,72.370003,40166300,67.44599994999996
2017-10-13,72.110001,30907300,67.54999996999996
2017-10-16,71.769997,21169200,67.64499993999996
2017-10-17,72.190002,15743800,67.74739994999996
2017-10-18,73.120003,15126700,67.85789997999997
2017-10-19,72.879997,12322700,67.97029995999996
2017-10-20,73.529999,15634600,68.10019993999997
2017-10-23,73.529999,10821500,68.22469990999997
2017-10-24,74.239998,15260200,68.35599987999997
2017-10-25,73.620003,17188100,68.47969990999997
2017-10-26,73.790001,13213100,68.60749993999998
2017-10-27,73.870003,11309900,68.72739995999997
2017-10-30,73.779999,10556900,68.83309995999998
2017-10-31,73.5,11733500,68.92359998999999
2017-11-01,74.029999,11361900,69.02069997999999
2017-11-02,74.739998,12997500,69.12119993999998
2017-11-03,74.050003,10692600,69.21449996
2017-11-06,73.800003,12636600,69.31150001
2017-11-07,72.709999,17255700,69.39970001
2017-11-08,72.339996,18710600,69.47829994
2017-11-09,72.43,15496600,69.56349994
2017-11-10,72.25,12853100,69.64769992000001
2017-11-13,71.989998,13500600,69.73139991000001
2017-11-14,71.529999,13188900,69.81259990000001
2017-11-15,71.730003,17541800,69.89209994000001
2017-11-16,71.66999799999999,12415600,69.96649989000001
2017-11-17,71.33000200000001,11813000,70.02799991
2017-11-20,72.050003,10000000,70.07869991000001
2017-11-21,72.379997,9632100,70.13369991000002
2017-11-22,72.260002,9146200,70.17369991000001
2017-11-24,72.019997,4676100,70.20939991000002
2017-11-27,71.389999,12615200,70.24699993000002
2017-11-28,73.699997,18048300,70.30489986000002
2017-11-29,75.040001,21876400,70.37879985000001
2017-11-30,75.5,23179600,70.46559985000002
2017-12-01,75.510002,18269800,70.55149989000002
2017-12-04,77.099998,23151400,70.6522999
2017-12-05,76.540001,16045900,70.75049990000001
2017-12-06,75.440002,16612500,70.83659990000002
2017-12-07,74.980003,19173400,70.91749994000001
2017-12-08,75.709999,12460900,71.00759996000002
2017-12-11,75.849998,10461700,71.10249993000001
2017-12-12,76.150002,18381900,71.20399995000001
2017-12-13,75.139999,20231600,71.29439996000002
2017-12-14,73.91999799999999,24778500,71.35329995000002
2017-12-15,74.769997,37121100,71.42119989000003
2017-12-18,75.66999799999999,16449300,71.50189989000003
2017-12-19,74.699997,17655100,71.57459986000002
2017-12-20,74.660004,17644000,71.63669993000003
2017-12-21,75.82,14085700,71.69889995000003
2017-12-22,75.489998,12006600,71.75959995000002
2017-12-26,74.779999,10882100,71.82609997000003
2017-12-27,74.889999,10845100,71.88519993000004
2017-12-28,75.08000200000001,8759800,71.94559994000002
2017-12-29,74.410004,10074900,72.00090001000004
2018-01-02,74.360001,15819800,72.06020002000002
2018-01-03,74.589996,14657900,72.13389997000003
2018-01-04,75.510002,16864900,72.22099996000003
2018-01-05,75.410004,15300500,72.29620001000004
2018-01-08,74.529999,14215700,72.36179999000004
2018-01-09,75.309998,14209500,72.43779998000004
2018-01-10,75.650002,14008000,72.52830002000005
2018-01-11,75.559998,15459900,72.61809998000004
2018-01-12,76.839996,16946700,72.72699997000004
2018-01-16,77.110001,26181400,72.82960000000004
2018-01-17,77.470001,20958400,72.93199998000004
2018-01-18,77.389999,15420800,73.02899995000004
2018-01-19,78.300003,17814000,73.13350000000005
2018-01-22,78.589996,11561100,73.24129998000005
2018-01-23,78.550003,10080000,73.35199998000006
2018-01-24,79.449997,18108600,73.46639993000005
2018-01-25,79.440002,16178800,73.58049996000005
2018-01-26,80.08000200000001,12807800,73.69549996000005
2018-01-29,79.959999,14611100,73.82349991000005
2018-01-30,78.620003,15816900,73.93649994000005
2018-01-31,78.480003,16266300,74.06069999000005
2018-02-01,79.199997,12437200,74.19099998000004
2018-02-02,77.019997,18561200,74.28409996000005
2018-02-05,73.269997,31087800,74.32889992000005
2018-02-06,74.82,32116700,74.38319993000005
2018-02-07,74.989998,18908400,74.44069993000005
2018-02-08,71.870003,24941100,74.46899995000004
2018-02-09,73.68,26616500,74.49979997000005
2018-02-12,74.760002,16677700,74.53589997000005
2018-02-13,75.18,11749100,74.57309998000005
2018-02-14,76.709999,16261300,74.62259995000005
2018-02-15,77.08000200000001,11066400,74.67939995000005
2018-02-16,76.82,11644900,74.73919999000005
2018-02-20,76.459999,12040900,74.79439996000004
2018-02-21,77.0,15888800,74.84159997000003
2018-02-22,76.269997,16049500,74.87779992000003
2018-02-23,77.08000200000001,12481200,74.92119996000002
2018-02-26,77.650002,17288300,74.95969995000003
2018-02-27,76.379997,19977200,74.98219995000004
2018-02-28,75.489998,19329900,74.99649995000003
2018-03-01,73.660004,23803200,74.97589998000004
2018-03-02,73.68,21061200,74.95629999000005
2018-03-05,74.41999799999999,16814600,74.94659998000004
2018-03-06,74.059998,14891200,74.93539996000004
2018-03-07,73.91999799999999,14654900,74.92519992000004
2018-03-08,74.110001,10878600,74.94259990000005
2018-03-09,76.110001,15939200,74.98259990000004
2018-03-12,76.019997,13398200,75.02509990000004
2018-03-13,74.910004,12636600,75.05229992000004
2018-03-14,73.470001,18485700,75.05579990000004
2018-03-15,73.339996,13334000,75.06039989000004
2018-03-16,73.470001,33033700,75.05979991000002
2018-03-19,72.699997,15131400,75.05149989000002
2018-03-20,72.91999799999999,13113500,75.03829989000002
2018-03-21,73.32,16374700,75.03529986000002
2018-03-22,70.309998,27652300,75.00049983000002
2018-03-23,67.900002,31458900,74.94079982000002
2018-03-26,69.779999,19156100,74.90079982000002
2018-03-27,68.279999,21610800,74.84859981000002
2018-03-28,68.260002,21712000,74.79089984000002
2018-03-29,67.5,22621300,74.71849986000002
2018-04-02,67.709999,29975600,74.65509982000002
2018-04-03,68.480003,18822600,74.60189982000001
2018-04-04,69.309998,15651300,74.56789981000001
2018-04-05,70.220001,16120700,74.54669986
2018-04-06,68.599998,21543500,74.50839984
2018-04-09,69.440002,17036500,74.48029986
2018-04-10,70.510002,16022300,74.4654999
2018-04-11,69.889999,15645500,74.44909990000001
2018-04-12,72.129997,24488100,74.45309984000001
2018-04-13,71.010002,31356000,74.44649988
2018-04-16,70.07,18877000,74.43389986
2018-04-17,69.739998,18233400,74.41079981
2018-04-18,68.980003,15382900,74.37679987
2018-04-19,70.279999,15531600,74.35699984
2018-04-20,70.0,17629900,74.33679987
2018-04-23,69.480003,11596400,74.31769990999999
2018-04-24,69.120003,16233700,74.27189996999999
2018-04-25,69.360001,16059700,74.21509997
2018-04-26,69.18,13829700,74.15189996999999
2018-04-27,68.989998,10420100,74.08669993
2018-04-30,68.269997,12237900,73.99839992
2018-05-01,68.25,11602700,73.91549991
2018-05-02,67.989998,15287300,73.84099986999999
2018-05-03,67.940002,16325500,73.77059986
2018-05-04,67.940002,12512000,73.69289989
2018-05-07,68.5,11801800,73.61939991000001
2018-05-08,71.0,23603200,73.56789989
2018-05-09,71.949997,15900700,73.53599987000001
2018-05-10,72.57,11488900,73.52249989
2018-05-11,72.860001,11531400,73.50339993
2018-05-14,72.620003,12615500,73.47289998
2018-05-15,72.68,12483300,73.45270001
2018-05-16,71.949997,11796000,73.42559994
2018-05-17,71.559998,14876000,73.38299991999999
2018-05-18,69.959999,16160700,73.32769993
2018-05-21,70.43,9798500,73.28419994
2018-05-22,71.08000200000001,14147100,73.24609996999999
2018-05-23,70.239998,13626700,73.19769992999998
2018-05-24,69.309998,16553700,73.14669986999998
2018-05-25,68.440002,16008700,73.08749987999998
2018-05-29,65.709999,37721400,72.99869990999998
2018-05-30,66.68,19040500,72.91039989
2018-05-31,66.690002,22633000,72.82319987
2018-06-01,67.279999,14914400,72.75069986999999
2018-06-04,67.339996,10468900,72.67099984999999
2018-06-05,66.760002,14072700,72.58209984999999
2018-06-06,68.230003,14862400,72.50879989999999
2018-06-07,68.449997,16505300,72.42489990999998
2018-06-08,68.470001,11609500,72.33849990999998
2018-06-11,68.110001,13941500,72.24489990999999
2018-06-12,67.610001,13737100,72.14709992999998
2018-06-13,67.290001,17531500,72.03699990999999
2018-06-14,66.160004,24035400,71.91269999
2018-06-15,66.339996,29314800,71.79059991999999
2018-06-18,66.75,13680800,71.66359994999999
2018-06-19,66.779999,16892800,71.53699991999999
2018-06-20,67.379997,16697100,71.40999987
2018-06-21,67.629997,16545800,71.28669984999999
2018-06-22,67.199997,16059900,71.17249978999999
2018-06-25,65.75,21426600,71.04519976
2018-06-26,66.309998,22613700,70.91629977
2018-06-27,65.459999,20917500,70.80069979
2018-06-28,66.879997,19860100,70.73679978999999
2018-06-29,66.91999799999999,24193900,70.65779977
2018-07-02,67.160004,12699100,70.57949982999999
2018-07-03,66.059998,12346000,70.52139978
2018-07-05,66.559998,12359000,70.45019975999999
2018-07-06,67.139999,13174900,70.37399972999998
2018-07-09,68.940002,15148500,70.31159974999998
2018-07-10,68.230003,17057700,70.22679978999999
2018-07-11,67.910004,13262800,70.13509980999999
2018-07-12,68.510002,13345200,70.05199983
2018-07-13,67.0,34054000,69.95739984
2018-07-16,69.459999,26659900,69.88199983
2018-07-17,69.349998,17262800,69.81279983999998
2018-07-18,69.849998,16321200,69.7404998
2018-07-19,68.989998,14833900,69.65389975999999
2018-07-20,69.220001,12017500,69.58229979999999
2018-07-23,70.209999,15764000,69.52949980999998
2018-07-24,71.07,21883800,69.50359976999998
2018-07-25,71.720001,14232700,69.48399977999996
2018-07-26,71.339996,11169200,69.45319975999996
2018-07-27,71.690002,11194100,69.42949979999997
2018-07-30,72.290001,16339100,69.41319982999997
2018-07-31,71.889999,13608100,69.39099980999997
2018-08-01,71.93,13612200,69.34919979999997
2018-08-02,71.839996,13248600,69.30739978999996
2018-08-03,72.389999,13680000,69.28219973999995
2018-08-06,72.400002,10121400,69.27149974999996
2018-08-07,72.410004,12991100,69.26219982999997
2018-08-08,72.889999,10178900,69.25639980999998
2018-08-09,71.980003,11044200,69.24919986999997
2018-08-10,70.260002,20240100,69.22259990999997
2018-08-13,69.160004,16926100,69.18099994999997
2018-08-14,70.010002,12668200,69.17799998999998
2018-08-15,68.650002,18952300,69.18549998999998
2018-08-16,69.559998,13439600,69.18329997999997
2018-08-17,69.66999799999999,10329600,69.19719996999997
2018-08-20,70.529999,11233300,69.21989993999998
2018-08-21,71.239998,12261100,69.25729991999998
2018-08-22,71.120003,7297600,69.29139995999998
2018-08-23,70.809998,8310000,69.31469990999999
2018-08-24,70.66999799999999,8760000,69.32829990999998
2018-08-27,72.389999,13545300,69.34999988999999
2018-08-28,72.379997,9688600,69.38779987999999
2018-08-29,72.529999,7146800,69.41869985
2018-08-30,71.459999,13197700,69.42819981999999
2018-08-31,71.239998,11898200,69.44169980999999
2018-09-04,71.400002,10108500,69.43439986
2018-09-05,71.16999799999999,13138100,69.43599981999999
2018-09-06,70.110001,15207100,69.43639983
2018-09-07,69.639999,15180600,69.43539984
2018-09-10,69.629997,12353600,69.44189978
2018-09-11,69.43,12650000,69.43339979000001
2018-09-12,70.510002,17434900,69.43849981
2018-09-13,70.150002,13569000,69.44519980000001
2018-09-14,70.540001,9653300,69.45939978000001
2018-09-17,70.879997,11323000,69.47459974000002
2018-09-18,71.360001,11457100,69.49639975000001
2018-09-19,73.720001,21766100,69.54369978000001
2018-09-20,74.790001,23550500,69.60889982
2018-09-21,74.150002,28874700,69.66789984
2018-09-24,73.839996,14023100,69.72639982000001
2018-09-25,73.510002,12324300,69.78209982
2018-09-26,72.449997,15060000,69.82719977
2018-09-27,72.949997,11420600,69.87169974
2018-09-28,71.739998,14341900,69.87909972
2018-10-01,71.93,11263700,69.87889975
2018-10-02,71.800003,12746900,69.87119978000001
2018-10-03,72.360001,11977900,69.86619978
2018-10-04,72.620003,18956800,69.86619978
2018-10-05,72.41999799999999,11481400,69.86359976
2018-10-08,72.589996,11958200,69.86999975
2018-10-09,71.889999,15654500,69.87329976000001
2018-10-10,69.949997,23679600,69.87319974
2018-10-11,68.379997,28890800,69.85269971000001
2018-10-12,69.839996,29024200,69.84029965
2018-10-15,69.209999,17661300,69.82999966
2018-10-16,69.709999,15453500,69.83399967
2018-10-17,69.839996,16774200,69.84799961
2018-10-18,68.620003,18168500,69.87709965
2018-10-19,68.860001,16721900,69.89889966
2018-10-22,66.589996,17890900,69.89789959999999
2018-10-23,65.730003,32809200,69.88239963999999
2018-10-24,63.799999,23420600,69.84699966999999
2018-10-25,64.970001,19510300,69.82909965999998
2018-10-26,64.209999,24066300,69.78889961999998
2018-10-29,64.349998,20036800,69.74789962999998
2018-10-30,64.529999,19951900,69.70849960999999
2018-10-31,65.459999,20450300,69.68199958999999
2018-11-01,65.83000200000001,17744100,69.66419959999999
2018-11-02,65.91999799999999,21214800,69.65049956999998
2018-11-05,67.300003,14823900,69.66189955999998
2018-11-06,66.68,17049600,69.66529959999998
2018-11-07,68.260002,15529300,69.68039961999999
2018-11-08,67.779999,18908100,69.69039962
2018-11-09,65.760002,27125800,69.67419967
2018-11-12,64.209999,16424200,69.63999968999998
2018-11-13,64.779999,14121300,69.61579970999999
2018-11-14,63.5,19754600,69.59329971
2018-11-15,64.599998,19202300,69.57619971
2018-11-16,64.949997,15995200,69.57109969
2018-11-19,64.620003,12227400,69.54849974999999
2018-11-20,62.529999,21024000,69.50459975999999
2018-11-21,62.869999,12380200,69.46169970999999
2018-11-23,61.75,7316500,69.41859972999998
2018-11-26,63.73,19065100,69.39029974999998
2018-11-27,63.459998999999996,12867900,69.35349974999998
2018-11-28,65.58000200000001,17719000,69.31989974999998
2018-11-29,64.900002,12914200,69.28659973999999
2018-11-30,64.790001,14207800,69.25539970999998
2018-12-03,65.160004,14255500,69.22189972999999
2018-12-04,62.259997999999996,27104500,69.17449970999998
2018-12-06,60.060001,37802600,69.08049972999999
2018-12-07,58.349998,24282100,68.97049972999999
2018-12-10,57.07,30695800,68.84269974999998
2018-12-11,56.220001,23712500,68.71499977999999
2018-12-12,55.98,24941600,68.58259976999997
2018-12-13,55.77,27670700,68.43819977999999
2018-12-14,55.02,22839300,68.27769977999999
2018-12-17,54.25,26212500,68.10299977
2018-12-18,53.93,27302000,67.92889981
2018-12-19,52.82,31483100,67.74019978999999
2018-12-20,52.27,39800000,67.53999978
2018-12-21,50.240002000000004,52323000,67.32349981
2018-12-24,49.259997999999996,21970800,67.09679979
2018-12-26,51.439999,32005600,66.89279982000001
2018-12-27,51.77,28573400,66.68659983000002
2018-12-28,51.830002,23176900,66.48089983000001
2018-12-31,52.060001,19317500,66.2773998
2019-01-02,53.529999,21646300,66.08379980000001
2019-01-03,52.560001,21183000,65.88959978000001
2019-01-04,55.130001,24205100,65.73829977000001
2019-01-07,55.610001000000004,20634100,65.60279974000001
2019-01-08,55.459998999999996,18840100,65.45729971
2019-01-09,56.380001,19359100,65.33459970000001
2019-01-10,56.439999,16910000,65.20339971000001
2019-01-11,56.689999,23087500,65.07359972
2019-01-14,58.93,34783400,64.95759973000001
2019-01-15,61.380001,42694200,64.85899976000002
2019-01-16,62.189999,27628900,64.76969972000002
2019-01-17,62.470001,22728900,64.68629975000002
2019-01-18,63.119999,19947300,64.61079976
2019-01-22,61.849998,24608700,64.50539975000001
2019-01-23,62.130001,16819800,64.40289979
2019-01-24,62.709998999999996,14962200,64.30469979
2019-01-25,64.019997,15827200,64.23029977000002
2019-01-28,63.849998,12683500,64.15639977000001
2019-01-29,63.209998999999996,13472000,64.07449974000001
2019-01-30,64.220001,15929600,64.00499977
2019-01-31,64.459999,19442600,63.94849974999999
2019-02-01,63.669998,16991700,63.888799739999996
2019-02-04,64.059998,11515500,63.833099749999995
2019-02-05,63.810001,13310900,63.776899759999985
2019-02-06,63.889998999999996,13774300,63.71069972999999
2019-02-07,62.810001,17922400,63.63729971999998
2019-02-08,62.009997999999996,15770800,63.55199968999998
2019-02-11,61.610001000000004,14614100,63.459299729999984
2019-02-12,62.669998,14347400,63.37239969999999
2019-02-13,63.040001000000004,10710500,63.265599699999996
2019-02-14,62.419998,12855300,63.141899669999994
2019-02-15,64.269997,17908900,63.04309961999999
2019-02-19,64.379997,11013900,62.94849962999999
2019-02-20,64.639999,10545000,62.859799599999995
2019-02-21,64.32,10696100,62.77849963
2019-02-22,64.139999,14003800,62.690399649999996
2019-02-25,64.529999,12853000,62.618299660000005
2019-02-26,64.120003,12912800,62.54019969
2019-02-27,64.400002,13495700,62.46619968
2019-02-28,63.98,14209300,62.38239967
2019-03-01,64.470001,14376000,62.30089964999999
2019-03-04,63.75,15786600,62.21419966999999
2019-03-05,62.93,18754900,62.11759970999999
2019-03-06,62.509997999999996,12711200,62.02379969999999
2019-03-07,61.900002,15788900,61.943299749999994
2019-03-08,62.060001,14304400,61.880099789999996
2019-03-11,62.310001,14167600,61.804799839999994
2019-03-12,62.810001,14772000,61.740799859999996
2019-03-13,63.650002,13781100,61.680199890000004
2019-03-14,64.110001,12193600,61.62289994
2019-03-15,65.190002,37840300,61.58859993000001
2019-03-18,65.93,15601100,61.559299920000015
2019-03-19,65.629997,12723600,61.54969993000002
2019-03-20,64.300003,17494000,61.53539993000002
2019-03-21,63.91,18638300,61.53649994000002
2019-03-22,60.98,27527400,61.49659993000002
2019-03-25,60.330002,20899300,61.45779996000002
2019-03-26,61.220001,14740300,61.42649999000002
2019-03-27,60.73,16359600,61.388500000000015
2019-03-28,61.98,12081000,61.35370001000001
2019-03-29,62.220001,13406300,61.31760000000001
2019-04-01,64.360001,17736300,61.30200003000001
2019-04-02,64.41999799999999,9915800,61.27319998000001
2019-04-03,65.059998,11560800,61.25699996
2019-04-04,65.82,11915700,61.23259994
2019-04-05,65.550003,11062400,61.21029998
2019-04-08,66.07,10466400,61.21339996
2019-04-09,65.199997,10221000,61.22329994
2019-04-10,65.519997,12293300,61.23069992
2019-04-11,65.910004,11358700,61.25479996
2019-04-12,67.41999799999999,19238700,61.282999960000005
2019-04-15,67.379997,19493900,61.30729996000001
2019-04-16,69.309998,18635700,61.354199910000006
2019-04-17,70.349998,20509000,61.4323999
2019-04-18,69.66999799999999,13513800,61.50039989000001
2019-04-22,69.089996,13195600,61.57379985000001
2019-04-23,69.199997,13205000,61.62849982000001
2019-04-24,68.83000200000001,9699900,61.68219985
2019-04-25,68.730003,8913600,61.713699860000006
2019-04-26,69.510002,10692700,61.75979986
2019-04-29,71.029999,16491400,61.82219984
2019-04-30,70.699997,11122000,61.877599769999996
2019-05-01,69.959999,13261700,61.95459977999999
2019-05-02,70.360001,12186700,62.05759977999999
2019-05-03,70.66999799999999,11486700,62.18079978
2019-05-06,70.410004,12004000,62.314199820000006
2019-05-07,68.160004,17673400,62.43359985000001
2019-05-08,68.220001,9470500,62.555999860000014
2019-05-09,67.629997,16994200,62.674599830000005
2019-05-10,67.900002,12318700,62.803399850000005
2019-05-13,64.379997,23494400,62.904699820000005
2019-05-14,65.260002,15096400,63.01799984
2019-05-15,64.870003,14570900,63.138499870000004
2019-05-16,65.980003,10573100,63.275599899999996
2019-05-17,65.07,11503500,63.42389987999999
2019-05-20,64.959999,11605900,63.58089988999998
2019-05-21,66.08000200000001,11051500,63.72729991999998
2019-05-22,64.660004,12564900,63.85619995999998
2019-05-23,63.900002,15042200,63.97689995999998
2019-05-24,64.389999,9715400,64.10019993999998
2019-05-28,63.790001000000004,14727400,64.20279995999998
2019-05-29,63.709998999999996,13836300,64.31429993999998
2019-05-30,63.610001000000004,13570900,64.39909993999999
2019-05-31,62.150002,19968900,64.46449994999998
2019-06-03,62.610001000000004,19636800,64.53599996999998
2019-06-04,65.879997,17743100,64.63099992999997
2019-06-05,65.779999,12536300,64.72439992999998
2019-06-06,66.470001,10868900,64.82219994999997
2019-06-07,65.690002,11674200,64.88979996999997
2019-06-10,67.120003,10994700,64.94719998999997
2019-06-11,67.879997,9800900,65.00409996999997
2019-06-12,66.809998,9877700,65.04749993999997
2019-06-13,67.08000200000001,9453600,65.08709996999997
2019-06-14,67.480003,8901900,65.14340001999997
2019-06-17,66.540001,8135900,65.18750001999997
2019-06-18,67.980003,12199100,65.24020005999996
2019-06-19,67.589996,12334800,65.27590004999996
2019-06-20,68.099998,15557100,65.31840004999997
2019-06-21,67.970001,19502500,65.36600006999997
2019-06-24,67.410004,11223700,65.39790009999997
2019-06-25,66.540001,14205600,65.41870011999998
2019-06-26,67.220001,13654100,65.45420014999996
2019-06-27,68.150002,11989100,65.49510018999997
2019-06-28,70.029999,20388700,65.55730016999998
2019-07-01,70.739998,13596400,65.62580015999998
2019-07-02,70.440002,10272200,65.70210016999998
2019-07-03,70.849998,7632400,65.79050016999997
2019-07-05,71.400002,9107300,65.88840017999998
2019-07-08,71.129997,10196000,65.97300016999998
2019-07-09,71.559998,9477700,66.05820013999997
2019-07-10,71.129997,12153200,66.14530012999997
2019-07-11,71.610001,10739400,66.21870016999996
2019-07-12,71.769997,15355700,66.29260016999997
2019-07-15,71.709999,23365800,66.36330016999996
2019-07-16,71.32,16516600,66.43330016999997
2019-07-17,70.82,12278200,66.50010017999996
2019-07-18,71.790001,13409900,66.57270019999996
2019-07-19,70.91999799999999,11184600,66.64070014999997
2019-07-22,71.110001,7930600,66.70780013999996
2019-07-23,71.989998,11804300,66.78790011999996
2019-07-24,73.010002,12512900,66.87330012999998
2019-07-25,71.389999,15698300,66.94970011999997
2019-07-26,72.160004,10625900,67.04200015999997
2019-07-29,71.760002,8561200,67.13450019999996
2019-07-30,71.709999,9208300,67.23260016999996
2019-07-31,71.160004,13617300,67.32360019999996
2019-08-01,68.349998,22571000,67.38400016999996
2019-08-02,67.610001,14771400,67.43200016999997
2019-08-05,65.18,21144800,67.44730014999996
2019-08-06,66.25,12411500,67.46870013999997
2019-08-07,65.139999,18418300,67.46820010999996
2019-08-08,66.739998,13577900,67.47630008999995
2019-08-09,66.050003,13604600,67.48050014999995
2019-08-12,64.239998,12555100,67.47990009999995
2019-08-13,64.83000200000001,19056700,67.48910011999996
2019-08-14,61.41,29370700,67.49340011999996
2019-08-15,61.32,16340400,67.50330009999996
2019-08-16,63.48,16450700,67.52590008999996
2019-08-19,64.309998,13312700,67.56170006999996
2019-08-20,63.419998,9815800,67.57610004999997
2019-08-21,63.25,14692900,67.58640003999997
2019-08-22,63.91,9718500,67.58190002999997
2019-08-23,61.950001,17997900,67.55720005999997
2019-08-26,62.720001,10628800,67.53380008999997
2019-08-27,61.66,17219300,67.49220008999997
2019-08-28,62.360001000000004,12343500,67.46030006999996
2019-08-29,63.900002,11478200,67.43860008999997
2019-08-30,64.349998,11844600,67.43010009999998
2019-09-03,63.419998,11991500,67.40910010999997
2019-09-04,64.279999,9689800,67.39280005999997
2019-09-05,66.339996,14723500,67.38200003999997
2019-09-06,65.970001,10476000,67.36790007999997
2019-09-09,68.790001,20193300,67.36270010999996
2019-09-10,68.980003,18146200,67.34900015999997
2019-09-11,68.900002,11858800,67.34130019999996
2019-09-12,69.300003,15528700,67.34340026999998
2019-09-13,70.389999,14313100,67.35530028999997
2019-09-16,69.83000200000001,12063700,67.36530028999998
2019-09-17,69.480003,10916900,67.37280028999997
2019-09-18,70.089996,11234500,67.37860022999998
2019-09-19,69.730003,10069100,67.36560026999997
2019-09-20,69.349998,26002100,67.35210027999997
2019-09-23,69.550003,9546300,67.34800031999997
2019-09-24,67.900002,16801900,67.32340032999997
2019-09-25,69.379997,12243000,67.31050031999997
2019-09-26,69.110001,8555500,67.29750028999997
2019-09-27,69.459999,11559700,67.31050023999997
2019-09-30,69.08000200000001,8661000,67.31910024999996
2019-10-01,68.150002,12428500,67.32430029999996
2019-10-02,66.260002,14760900,67.30790029999997
2019-10-03,66.699997,12646100,67.33110029999996
2019-10-04,68.18,10977100,67.36030027999996
2019-10-07,68.150002,7835500,67.39310026999996
2019-10-08,66.400002,13500700,67.39730025999998
2019-10-09,67.43,8357800,67.42090025999998
2019-10-10,68.620003,9817000,67.45750029999998
2019-10-11,70.099998,14921700,67.49770025999999
2019-10-14,70.239998,11398600,67.55350019999997
2019-10-15,71.220001,22030100,67.62670018999998
2019-10-16,69.5,17295400,67.67780019999998
2019-10-17,69.599998,11382800,67.73590016999997
2019-10-18,69.739998,10413600,67.79620015999997
2019-10-21,71.809998,13080600,67.87820012999997
2019-10-22,72.059998,11052300,67.97730008999996
2019-10-23,72.449997,10327000,68.07570004999997
2019-10-24,72.300003,7445700,68.13990010999996
2019-10-25,73.16999799999999,10497600,68.21380009999996
2019-10-28,73.589996,13086800,68.28500004999997
2019-10-29,73.089996,9592300,68.35899998999996
2019-10-30,72.970001,12431500,68.41749996999995
2019-10-31,71.860001,16864000,68.45730000999995
2019-11-01,73.839996,12935200,68.52759998999996
2019-11-04,75.150002,12585200,68.60829998999996
2019-11-05,74.83000200000001,14403200,68.68179997999997
2019-11-06,74.41999799999999,12629200,68.76059994999996
2019-11-07,75.809998,14340500,68.83889989999996
2019-11-08,76.120003,7927100,68.92419996999996
2019-11-11,75.599998,6020300,68.99919996999996
2019-11-12,75.07,11066600,69.07019995999997
2019-11-13,73.910004,14040700,69.13519995999997
2019-11-14,73.839996,9446800,69.20819990999996
2019-11-15,74.400002,10294000,69.27999991999997
2019-11-18,74.400002,8525700,69.34249991999997
2019-11-19,74.82,9095500,69.39039992999996
2019-11-20,73.910004,12799900,69.42209998999996
2019-11-21,73.900002,8585100,69.45669998999996
2019-11-22,74.870003,7910700,69.49690003999996
2019-11-25,75.68,11497700,69.53970001999997
2019-11-26,75.459999,11306000,69.58300003999996
2019-11-27,75.720001,7592100,69.62460006999996
2019-11-29,75.120003,6246900,69.66450012999996
2019-12-02,74.519997,11085300,69.69360008999996
2019-12-03,73.33000200000001,13559400,69.70920013999995
2019-12-04,74.230003,8266400,69.73440017999995
2019-12-05,74.709999,9581200,69.76830016999996
2019-12-06,75.809998,9877800,69.81820014999995
2019-12-09,75.33000200000001,8817100,69.85360015999996
2019-12-10,75.779999,13019600,69.90220016999996
2019-12-11,75.550003,10484900,69.94660018999996
2019-12-12,77.050003,15829000,69.99720023999996
2019-12-13,76.389999,13447000,70.03100020999996
2019-12-16,76.910004,13967200,70.08620025999996
2019-12-17,77.739998,14409200,70.14200019999996
2019-12-18,77.91999799999999,12643000,70.20360015999997
2019-12-19,78.199997,13006200,70.26850013999996
2019-12-20,78.510002,32019400,70.34200011999995
2019-12-23,78.760002,9256500,70.44610015999996
2019-12-24,78.589996,4576200,70.55590010999995
2019-12-26,79.83000200000001,11992800,70.70240012999994
2019-12-27,79.66999799999999,10867900,70.83660010999995
2019-12-30,79.510002,10084900,70.98030013999995
2019-12-31,79.889999,8031200,71.11180014999995
2020-01-02,81.230003,12728900,71.26360014999995
2020-01-03,79.699997,12437400,71.41820013999994
2020-01-06,79.449997,10059500,71.56440008999995
2020-01-07,78.760002,10469100,71.73790010999994
2020-01-08,79.360001,11292400,71.91830011999996
2020-01-09,80.08000200000001,12895900,72.08430013999995
2020-01-10,79.25,10062100,72.23370015999996
2020-01-13,80.650002,16566300,72.40600019999995
2020-01-14,81.910004,24971800,72.59260023999995
2020-01-15,81.239998,16063600,72.76590021999996
2020-01-16,81.0,10426000,72.95640020999996
2020-01-17,81.120003,12413100,73.14040022999995
2020-01-21,79.900002,10522000,73.32280024999996
2020-01-22,80.099998,8045600,73.50020021999995
2020-01-23,79.800003,11618200,73.65920022999995
2020-01-24,78.41999799999999,15036100,73.79990022999996
2020-01-27,76.709999,15859600,73.93280023999996
2020-01-28,77.239998,10960200,74.06240022999995
2020-01-29,76.480003,9478900,74.16380029999996
2020-01-30,77.43,12498200,74.27840028999996
2020-01-31,74.410004,17101200,74.33460031999996
2020-02-03,75.129997,11099200,74.39610025999997
2020-02-04,76.5,12173200,74.47210023999996
2020-02-05,78.849998,13070400,74.56760018999995
2020-02-06,78.970001,12826400,74.65340020999996
2020-02-07,78.690002,8341700,74.74200020999996
2020-02-10,78.480003,8418300,74.83200020999996
2020-02-11,79.089996,9437200,74.92200020999996
2020-02-12,79.33000200000001,9484100,75.01800019999996
2020-02-13,79.0,8946200,75.11450021999997
2020-02-14,78.790001,9056600,75.20690019999996
2020-02-18,77.58000200000001,10343500,75.30370019999995
2020-02-19,78.050003,9145200,75.39040025999996
2020-02-20,78.220001,11763400,75.48150025999996
2020-02-21,76.440002,14020000,75.55130028999996
2020-02-24,72.529999,21096200,75.58580025999997
2020-02-25,69.43,27451000,75.59860023999997
2020-02-26,68.18,25552100,75.61780021999998
2020-02-27,64.449997,34656800,75.59530021999997
2020-02-28,63.459998999999996,46029800,75.54810020999997
2020-03-02,67.589996,29006400,75.54250014999997
2020-03-03,65.050003,29547700,75.52900015999995
2020-03-04,67.389999,24188500,75.52860014999996
2020-03-05,63.490002000000004,27277600,75.47730013999995
2020-03-06,61.279999,29916600,75.38910014999996
2020-03-09,51.369999,35625600,75.20040015999996
2020-03-10,55.580002,32527500,75.04400016999995
2020-03-11,50.790001000000004,36709000,74.85690017999995
2020-03-12,43.259997999999996,45941600,74.59350017999995
2020-03-13,51.040001000000004,40519800,74.40650020999996
2020-03-16,41.189999,35133800,74.10030021999997
2020-03-17,40.25,51650000,73.78220023999997
2020-03-18,36.43,48351400,73.42200026999997
2020-03-19,39.639998999999996,43397100,73.09540022999997
2020-03-20,38.060001,38163900,72.74430025999996
2020-03-23,35.389998999999996,33013300,72.36230028999996
2020-03-24,40.66,34100600,72.03800032999997
2020-03-25,41.860001000000004,38211100,71.72690032999998
2020-03-26,46.02,31528600,71.46850031999998
2020-03-27,43.799999,25484500,71.16810034999997
2020-03-30,44.080002,27459000,70.85740034999998
2020-03-31,42.119999,26219100,70.53030031999997
2020-04-01,38.509997999999996,29219500,70.17120031999997
2020-04-02,39.23,29532100,69.80540033999996
2020-04-03,37.490002000000004,25327100,69.41910032999996
2020-04-06,41.119999,30064700,69.07430033999997
2020-04-07,41.25,35220700,68.73610033999996
2020-04-08,44.259997999999996,32944800,68.43960027999996
2020-04-09,47.41,43659200,68.17530031999996
2020-04-13,46.68,27944300,67.89810029999997
2020-04-14,45.419998,40466200,67.60830025999996
2020-04-15,42.860001000000004,32249000,67.28870026999998
2020-04-16,40.52,37756000,66.95480022999998
2020-04-17,45.450001,41252900,66.67030021999997
2020-04-20,44.009997999999996,33471900,66.36170016999996
2020-04-21,41.57,35336200,66.02060016999997
2020-04-22,42.240002000000004,21911600,65.68840019999998
2020-04-23,42.459998999999996,23970700,65.35580017999997
2020-04-24,43.099998,26310300,65.03560012999996
2020-04-27,46.560001,30929200,64.75600016999996
2020-04-28,47.209998999999996,28973300,64.49480013999997
2020-04-29,50.259997999999996,32941100,64.25510008999997
2020-04-30,48.560001,28687000,63.99360010999997
2020-05-01,45.52,28078900,63.690700129999975
2020-05-04,45.119999,26340200,63.38860009999998
2020-05-05,43.950001,27342900,63.07030011999998
2020-05-06,42.950001,25028000,62.744300099999975
2020-05-07,44.639998999999996,29849100,62.42020005999997
2020-05-08,46.32,22919100,62.119500069999965
2020-05-11,44.07,34765200,61.79110002999996
2020-05-12,42.349998,33328300,61.43720002999996
2020-05-13,40.599998,35350600,61.06400002999995
2020-05-14,42.060001,40976400,60.70260006999995
2020-05-15,41.919998,28494900,60.33670002999995
2020-05-18,45.669998,39406100,60.00579998999996
2020-05-19,44.43,27271600,59.66420002999997
2020-05-20,45.470001,23841300,59.320600019999965
2020-05-21,45.0,21698300,58.97390003999996
2020-05-22,44.099998,22631700,58.61979999999996
2020-05-26,48.169998,34429300,58.30259998999996
2020-05-27,52.259997999999996,43660500,58.01289993999996
2020-05-28,49.16,37972800,57.707499969999965
2020-05-29,47.91,35900500,57.392099999999964
2020-06-01,49.450001,22860100,57.09899998999997
2020-06-02,50.84,27651300,56.81379997999997
2020-06-03,53.34,33341800,56.546399959999974
2020-06-04,55.650002,33083500,56.31039997999997
2020-06-05,58.860001000000004,44648500,56.09249996999997
2020-06-08,61.240002000000004,32587100,55.88579994999997
2020-06-09,59.5,30422900,55.668399969999975
2020-06-10,55.860001000000004,36743700,55.41699997999997
2020-06-11,48.389998999999996,62098600,55.089699939999974
2020-06-12,52.25,39022000,54.81319991999997
2020-06-15,52.98,36539000,54.54199993999997
2020-06-16,54.450001,37638700,54.288499919999964
2020-06-17,53.0,23693700,54.03429993999996
2020-06-18,53.040001000000004,22280600,53.79759995999997
2020-06-19,52.919998,50379300,53.55439995999998
2020-06-22,52.060001,22642100,53.310199939999976
2020-06-23,52.950001,22092600,53.06539994999997
2020-06-24,50.810001,27207700,52.82939991999997
2020-06-25,52.68,28112400,52.604899949999975
2020-06-26,49.580002,35426200,52.33569996999997
2020-06-29,50.290001000000004,22578600,52.05009999999997
2020-06-30,51.099998,23360400,51.771399969999976
2020-07-01,50.349998,19206900,51.48799992999997
2020-07-02,50.549999,22042700,51.20869988999997
2020-07-06,51.970001,22613100,50.937499939999974
2020-07-07,50.32,21235300,50.64739991999997
2020-07-08,50.880001,19115300,50.36619992999997
2020-07-09,49.450001,24263900,50.072799929999974
2020-07-10,52.650002,28027800,49.82349992999998
2020-07-13,52.200001,27151800,49.564999909999976
2020-07-14,50.150002,35814400,49.28429991999999
2020-07-15,51.84,27676300,49.038299899999984
2020-07-16,51.459998999999996,18824000,48.827599899999974
2020-07-17,50.220001,19747400,48.63549990999997
2020-07-20,50.139998999999996,23472600,48.455099899999965
2020-07-21,51.73,21956300,48.327899929999965
2020-07-22,51.66,17873400,48.20989993999997
2020-07-23,52.080002,17090400,48.05479999999997
2020-07-24,51.669998,16258900,47.92099994999997
2020-07-27,51.290001000000004,13991400,47.759999969999974
2020-07-28,51.27,13121400,47.63779994999997
2020-07-29,52.52,16991000,47.55019995999997
2020-07-30,50.869999,24154600,47.54519995999997
2020-07-31,50.009997999999996,22488400,47.48949991999997
2020-08-03,50.389998999999996,15856600,47.485499899999965
2020-08-04,50.139998999999996,16230800,47.55429990999997
2020-08-05,51.040001000000004,16500800,47.55429990999997
2020-08-06,50.889998999999996,11025000,47.65129990999997
2020-08-07,52.119999,21492200,47.769999899999966
2020-08-10,52.860001000000004,16850400,47.934299909999964
2020-08-11,53.759997999999996,25256500,48.07549989999997
2020-08-12,53.349998,19348000,48.22839986999997
2020-08-13,52.889998999999996,13815300,48.403399869999966
2020-08-14,52.93,13861300,48.52609986999997
2020-08-17,51.419998,19788700,48.62169983999998
2020-08-18,50.34,17100800,48.66489983999997
2020-08-19,50.290001000000004,20837300,48.72979985999998
2020-08-20,49.580002,15920900,48.78479985999998
2020-08-21,49.299999,17416000,48.85659985999998
2020-08-24,51.060001,19745100,48.98209988999997
2020-08-25,51.650002,17244800,49.10629990999998
2020-08-26,50.849998,14541600,49.239899869999974
2020-08-27,51.720001,19393500,49.34589988999997
2020-08-28,52.279999,16990300,49.45619987999998
2020-08-31,51.119999,16280100,49.524799889999976
2020-09-01,51.200001,16909900,49.56269989999998
2020-09-02,51.950001,15348600,49.61539990999998
2020-09-03,51.5,25003200,49.676199929999974
2020-09-04,52.52,25124000,49.77279991999998
2020-09-08,51.040001000000004,28128600,49.87799992999998
2020-09-09,51.400002,19193900,49.93749993999998
2020-09-10,50.950001,22324400,50.00689996999998
2020-09-11,51.0,21033200,50.10119996999998
2020-09-14,48.150002,58798300,50.160299969999976
2020-09-15,44.810001,84689700,50.18379998999998
2020-09-16,46.02,45484600,50.21300000999999
2020-09-17,45.529999,28741600,50.20269998999999
2020-09-18,44.860001000000004,33201700,50.179200009999995
2020-09-21,43.93,33469700,50.11590002999999
2020-09-22,43.290001000000004,25799200,50.06320003
2020-09-23,41.849998,28780200,50.02650000999999
2020-09-24,42.189999,31259200,49.99720001
2020-09-25,42.02,26917200,49.9779
2020-09-28,43.34,21204600,49.98179999
2020-09-29,42.419998,20694300,49.95959998
2020-09-30,43.110001000000004,22520900,49.92749999000001
2020-10-01,43.439999,21900500,49.92119998000001
2020-10-02,43.66,23899200,49.934300000000015
2020-10-05,44.91,24170600,49.97740002000001
2020-10-06,44.41,29505900,50.00090001000002
2020-10-07,44.84,22135800,50.030100030000014
2020-10-08,44.720001,28630700,50.02060006000001
2020-10-09,44.93,25595600,50.02560006000001
2020-10-12,45.880001,24070200,50.02970006000001
2020-10-13,43.68,49899100,50.01650006000002
2020-10-14,43.029999,30300900,50.00580007000002
2020-10-15,43.610001000000004,26408000,49.96020010000002
2020-10-16,43.189999,25998000,49.869500110000025
2020-10-19,42.900002,22793600,49.80690013000003
2020-10-20,43.52,21255900,49.76300013000004
2020-10-21,43.009997999999996,19816300,49.69860010000003
2020-10-22,43.950001,21341200,49.62970011000003
2020-10-23,43.950001,18486500,49.53580012000003
2020-10-26,43.259997999999996,24928100,49.41190008000003
2020-10-27,41.880001,24251700,49.242100080000036
2020-10-28,41.130001,27485000,49.041000070000045
2020-10-29,41.66,23351000,48.86260007000004
2020-10-30,41.419998,26962800,48.71820004000005
2020-11-02,42.209998999999996,24310800,48.656400040000044
2020-11-03,43.529999,29985200,48.56920003000005
2020-11-04,42.080002,25956400,48.46020005000005
2020-11-05,43.07,24945100,48.34640004000004
2020-11-06,42.709998999999996,17705200,48.24350003000004
2020-11-09,47.639998999999996,56895200,48.18950001000004
2020-11-10,47.650002,33275800,48.13680005000004
2020-11-11,48.93,29719600,48.105500040000045
2020-11-12,48.279999,28457400,48.05880002000004
2020-11-13,48.66,18632500,48.037300010000045
2020-11-16,50.400002,26699400,48.01450003000004
2020-11-17,50.73,18970000,48.02600001000005
2020-11-18,51.049999,25824000,48.03359999000004
2020-11-19,52.139998999999996,20262400,48.04400000000004
2020-11-20,51.650002,15471100,48.05700004000005
2020-11-23,53.299999,28923200,48.08450004000005
2020-11-24,57.060001,32890900,48.13540004000005
2020-11-25,57.060001,28250500,48.20280005000005
2020-11-27,56.669998,14267100,48.26070002000005
2020-11-30,55.07,23359300,48.31690001000005
2020-12-01,55.470001,23521000,48.34510000000004
2020-12-02,57.200001,26796800,48.39510000000004
2020-12-03,56.580002,18776100,48.45940000000003
2020-12-04,58.619999,24696000,48.52719999000003
2020-12-07,58.130001,21280900,48.593900010000034
2020-12-08,58.360001000000004,15511700,48.675300010000036
2020-12-09,58.950001,27278200,48.76340003000004
2020-12-10,60.5,25866600,48.85110003000004
2020-12-11,58.93,20960000,48.923800030000045
