,Date,Close,Volume,100_MA
0,2015-12-14,16.040001,367800,
1,2015-12-15,16.5,264000,
2,2015-12-16,16.719998999999998,311800,
3,2015-12-17,16.629998999999998,277300,
4,2015-12-18,16.23,946700,
5,2015-12-21,16.450001,273800,
6,2015-12-22,16.610001,198100,
7,2015-12-23,16.719998999999998,211500,
8,2015-12-24,16.74,172400,
9,2015-12-28,16.549999,459700,
10,2015-12-29,16.67,237100,
11,2015-12-30,16.41,314200,
12,2015-12-31,16.42,323600,
13,2016-01-04,16.370001000000002,570500,
14,2016-01-05,16.530001000000002,332900,
15,2016-01-06,16.030001000000002,483700,
16,2016-01-07,15.99,915700,
17,2016-01-08,15.64,358400,
18,2016-01-11,15.85,332500,
19,2016-01-12,15.81,258500,
20,2016-01-13,15.43,338000,
21,2016-01-14,15.8,382700,
22,2016-01-15,15.87,389300,
23,2016-01-19,15.65,648200,
24,2016-01-20,16.42,699800,
25,2016-01-21,16.76,774900,
26,2016-01-22,17.08,540200,
27,2016-01-25,17.360001,1422100,
28,2016-01-26,17.26,461300,
29,2016-01-27,17.18,427300,
30,2016-01-28,17.280001000000002,474900,
31,2016-01-29,17.77,867300,
32,2016-02-01,18.52,615800,
33,2016-02-02,18.139999,400300,
34,2016-02-03,18.41,409700,
35,2016-02-04,18.42,273000,
36,2016-02-05,18.0,525800,
37,2016-02-08,17.73,355100,
38,2016-02-09,17.59,320100,
39,2016-02-10,17.77,342500,
40,2016-02-11,18.0,1169300,
41,2016-02-12,18.709999,484300,
42,2016-02-16,19.620001000000002,799900,
43,2016-02-17,18.940001000000002,615800,
44,2016-02-18,19.27,356800,
45,2016-02-19,19.5,386600,
46,2016-02-22,19.370001000000002,380800,
47,2016-02-23,19.4,318100,
48,2016-02-24,19.219998999999998,362100,
49,2016-02-25,20.700001,1169500,
50,2016-02-26,20.870001000000002,1122300,
51,2016-02-29,20.66,1285000,
52,2016-03-01,21.139999,531700,
53,2016-03-02,21.219998999999998,287200,
54,2016-03-03,21.540001,561700,
55,2016-03-04,21.84,648500,
56,2016-03-07,22.110001,549100,
57,2016-03-08,21.98,641500,
58,2016-03-09,21.92,308800,
59,2016-03-10,21.91,323400,
60,2016-03-11,22.209999,463700,
61,2016-03-14,22.440001000000002,494300,
62,2016-03-15,22.73,640600,
63,2016-03-16,22.41,684600,
64,2016-03-17,23.4,574700,
65,2016-03-18,23.17,999400,
66,2016-03-21,22.879998999999998,558500,
67,2016-03-22,22.82,343100,
68,2016-03-23,22.690001000000002,581700,
69,2016-03-24,22.879998999999998,449100,
70,2016-03-28,22.809998999999998,350500,
71,2016-03-29,23.33,1399600,
72,2016-03-30,22.99,343400,
73,2016-03-31,22.969998999999998,353800,
74,2016-04-01,23.219998999999998,398100,
75,2016-04-04,22.82,176300,
76,2016-04-05,22.370001000000002,340100,
77,2016-04-06,22.379998999999998,297500,
78,2016-04-07,21.360001,729100,
79,2016-04-08,21.43,364700,
80,2016-04-11,21.370001000000002,416500,
81,2016-04-12,21.76,433100,
82,2016-04-13,22.17,322600,
83,2016-04-14,21.83,264300,
84,2016-04-15,21.66,362100,
85,2016-04-18,21.719998999999998,372800,
86,2016-04-19,21.67,347500,
87,2016-04-20,21.690001000000002,307300,
88,2016-04-21,21.66,242100,
89,2016-04-22,21.620001000000002,330000,
90,2016-04-25,21.68,217600,
91,2016-04-26,21.959999,374000,
92,2016-04-27,22.24,230600,
93,2016-04-28,22.18,470300,
94,2016-04-29,22.23,232100,
95,2016-05-02,22.41,267100,
96,2016-05-03,22.190001000000002,444700,
97,2016-05-04,22.139999,513800,
98,2016-05-05,22.530001000000002,818200,
99,2016-05-06,23.23,430700,19.72520005
100,2016-05-09,23.280001000000002,658700,19.797600050000003
101,2016-05-10,23.4,382100,19.866600050000002
102,2016-05-11,23.360001,474400,19.933000070000006
103,2016-05-12,23.190001000000002,626600,19.998600090000004
104,2016-05-13,22.83,590600,20.064600090000003
105,2016-05-16,23.379998999999998,329400,20.133900070000003
106,2016-05-17,23.27,426100,20.200500060000003
107,2016-05-18,23.49,461800,20.268200070000006
108,2016-05-19,23.280001000000002,509700,20.333600080000004
109,2016-05-20,23.469998999999998,395300,20.402800080000006
110,2016-05-23,22.459999,1339800,20.46070007
111,2016-05-24,21.23,2349500,20.508900070000003
112,2016-05-25,21.940001000000002,802100,20.564100080000003
113,2016-05-26,22.040001,375000,20.62080008
114,2016-05-27,22.200001,371900,20.67750008
115,2016-05-31,22.059998999999998,865200,20.737800059999998
116,2016-06-01,22.33,356100,20.80120006
117,2016-06-02,22.540001,346000,20.87020007
118,2016-06-03,22.200001,342200,20.933700080000005
119,2016-06-06,22.540001,375600,21.00100009
120,2016-06-07,22.440001000000002,188400,21.071100100000002
121,2016-06-08,22.639999,226400,21.139500090000002
122,2016-06-09,22.610001,326600,21.206900100000002
123,2016-06-10,22.280001000000002,251100,21.27320011
124,2016-06-13,21.940001000000002,414300,21.32840012
125,2016-06-14,21.73,383000,21.37810012
126,2016-06-15,21.75,240500,21.42480012
127,2016-06-16,21.879998999999998,382600,21.470000099999996
128,2016-06-17,21.9,690700,21.516400099999995
129,2016-06-20,22.15,373100,21.5661001
130,2016-06-21,22.01,218500,21.61340009
131,2016-06-22,22.040001,254400,21.6561001
132,2016-06-23,22.4,215300,21.694900099999998
133,2016-06-24,21.41,902900,21.727600109999997
134,2016-06-27,21.139999,561000,21.7549001
135,2016-06-28,21.68,368400,21.7875001
136,2016-06-29,22.389999,231000,21.83140009
137,2016-06-30,22.99,445000,21.884000089999994
138,2016-07-01,23.280001000000002,365600,21.940900099999993
139,2016-07-05,23.200001,275400,21.995200109999995
140,2016-07-06,23.360001,375700,22.048800119999996
141,2016-07-07,23.360001,225100,22.095300139999996
142,2016-07-08,23.73,276900,22.13640012999999
143,2016-07-11,23.84,226700,22.185400119999994
144,2016-07-12,23.879998999999998,257400,22.231500109999992
145,2016-07-13,23.969998999999998,179100,22.276200099999993
146,2016-07-14,24.129998999999998,264900,22.32380007999999
147,2016-07-15,24.0,202100,22.36980007999999
148,2016-07-18,23.83,123500,22.41590008999999
149,2016-07-19,23.860001,128500,22.44750008999999
150,2016-07-20,24.059998999999998,146500,22.479400069999993
151,2016-07-21,24.059998999999998,143100,22.513400059999995
152,2016-07-22,24.15,176700,22.543500069999997
153,2016-07-25,24.02,434100,22.571500079999996
154,2016-07-26,23.950001,262300,22.59560008
155,2016-07-27,24.059998999999998,297200,22.617800069999998
156,2016-07-28,23.98,236400,22.63650006
157,2016-07-29,24.200001,346900,22.65870007
158,2016-08-01,23.870001000000002,226300,22.678200079999996
159,2016-08-02,23.620001000000002,232200,22.69530009
160,2016-08-03,23.57,254400,22.7089001
161,2016-08-04,23.66,230700,22.72110009
162,2016-08-05,24.18,480700,22.73560009
163,2016-08-08,23.73,224000,22.74880009
164,2016-08-09,24.15,345700,22.75630009
165,2016-08-10,23.16,1020300,22.756200089999997
166,2016-08-11,23.08,539300,22.758200099999996
167,2016-08-12,23.190001000000002,312100,22.761900109999992
168,2016-08-15,23.25,210300,22.767500099999992
169,2016-08-16,23.09,189400,22.769600109999992
170,2016-08-17,23.200001,298200,22.77350012999999
171,2016-08-18,23.209999,180500,22.772300119999997
172,2016-08-19,23.23,227800,22.77470012
173,2016-08-22,23.25,111200,22.77750013
174,2016-08-23,23.360001,140500,22.77890015
175,2016-08-24,23.200001,215400,22.78270016
176,2016-08-25,23.4,256900,22.793000149999997
177,2016-08-26,23.389999,310800,22.80310015
178,2016-08-29,23.190001000000002,203000,22.82140015
179,2016-08-30,23.25,253200,22.839600150000003
180,2016-08-31,23.200001,320600,22.857900150000006
181,2016-09-01,23.25,215900,22.872800150000003
182,2016-09-02,23.41,156000,22.88520015
183,2016-09-06,23.41,197000,22.90100015
184,2016-09-07,23.4,276800,22.918400150000004
185,2016-09-08,23.41,214900,22.93530016
186,2016-09-09,23.09,279800,22.949500160000003
187,2016-09-12,23.309998999999998,167800,22.965700140000003
188,2016-09-13,23.059998999999998,178000,22.979700130000005
189,2016-09-14,22.74,252200,22.990900120000006
190,2016-09-15,23.09,131800,23.00500012000001
191,2016-09-16,22.83,287600,23.013700130000007
192,2016-09-19,22.719998999999998,128800,23.01850012000001
193,2016-09-20,22.52,268900,23.02190012000001
194,2016-09-21,22.66,270600,23.02620012000001
195,2016-09-22,23.110001,250300,23.033200130000008
196,2016-09-23,22.940001000000002,215300,23.04070013000001
197,2016-09-26,22.83,243500,23.047600140000007
198,2016-09-27,22.9,154900,23.05130013000001
199,2016-09-28,23.030001000000002,122000,23.04930014000001
200,2016-09-29,22.91,124400,23.045600130000008
201,2016-09-30,23.059998999999998,238500,23.042200120000008
202,2016-10-03,23.07,476100,23.03930011000001
203,2016-10-04,23.030001000000002,182400,23.03770011000001
204,2016-10-05,22.99,474900,23.03930011000001
205,2016-10-06,22.92,231300,23.034700120000007
206,2016-10-07,22.83,231800,23.030300120000007
207,2016-10-10,22.959999,178800,23.02500011000001
208,2016-10-11,22.719998999999998,182600,23.01940009000001
209,2016-10-12,22.74,115800,23.01210010000001
210,2016-10-13,22.5,172300,23.012500110000005
211,2016-10-14,22.49,145300,23.025100110000004
212,2016-10-17,22.74,126200,23.033100100000002
213,2016-10-18,22.690001000000002,143500,23.0396001
214,2016-10-19,22.73,190500,23.044900090000002
215,2016-10-20,22.690001000000002,139400,23.05120011
216,2016-10-21,22.809998999999998,137700,23.056000100000002
217,2016-10-24,22.99,118700,23.06050009
218,2016-10-25,22.85,170500,23.06700008
219,2016-10-26,22.4,171900,23.065600070000002
220,2016-10-27,22.24,137800,23.06360006
221,2016-10-28,21.9,162100,23.05620007
222,2016-10-31,22.200001,200800,23.05210007
223,2016-11-01,21.719998999999998,181600,23.04650005
224,2016-11-02,21.549999,151500,23.04260003
225,2016-11-03,21.49,101300,23.040200029999998
226,2016-11-04,21.68,177200,23.039500029999996
227,2016-11-07,22.02,239100,23.040900039999997
228,2016-11-08,21.85,145600,23.040400039999994
229,2016-11-09,22.360001,276200,23.042500049999994
230,2016-11-10,22.25,411300,23.044900049999992
231,2016-11-11,23.530001000000002,339200,23.059800049999993
232,2016-11-14,23.51,380700,23.070900049999995
233,2016-11-15,23.610001,305100,23.092900059999998
234,2016-11-16,23.82,271600,23.11970007
235,2016-11-17,24.23,216300,23.14520007
236,2016-11-18,24.219998999999998,629600,23.16350007
237,2016-11-21,24.299999,276100,23.176600060000002
238,2016-11-22,24.190001000000002,300400,23.18570006
239,2016-11-23,24.200001,504800,23.19570006
240,2016-11-25,24.51,118000,23.20720005
241,2016-11-28,24.129998999999998,273100,23.21490003
242,2016-11-29,24.18,198100,23.219400029999996
243,2016-11-30,24.110001,191500,23.222100039999997
244,2016-12-01,23.719998999999998,301900,23.220500039999997
245,2016-12-02,23.870001000000002,202700,23.21950006
246,2016-12-05,24.389999,262000,23.222100060000002
247,2016-12-06,24.799999,373600,23.23010005
248,2016-12-07,25.129998999999998,356800,23.243100039999998
249,2016-12-08,25.190001000000002,435500,23.25640004
250,2016-12-09,25.32,163900,23.26900005
251,2016-12-12,25.17,219800,23.28010006
252,2016-12-13,25.190001000000002,193400,23.290500069999997
253,2016-12-14,24.91,160700,23.299400069999997
254,2016-12-15,24.540001,336400,23.305300069999994
255,2016-12-16,23.98,1137200,23.304500079999993
256,2016-12-19,23.790001,364100,23.30260008999999
257,2016-12-20,23.84,278100,23.299000079999992
258,2016-12-21,23.870001000000002,286900,23.29900007999999
259,2016-12-22,24.0,426400,23.302800069999986
260,2016-12-23,23.82,141200,23.305300069999983
261,2016-12-27,23.77,76400,23.306400069999984
262,2016-12-28,23.67,132200,23.30130006999999
263,2016-12-29,23.58,110000,23.29980006999999
264,2016-12-30,23.549999,218000,23.293800059999985
265,2017-01-03,23.629998999999998,290900,23.298500049999983
266,2017-01-04,24.15,332400,23.309200049999987
267,2017-01-05,24.77,473200,23.325000039999985
268,2017-01-06,25.07,285800,23.34320003999999
269,2017-01-09,24.68,437900,23.359100039999984
270,2017-01-10,24.969998999999998,297500,23.376800019999983
271,2017-01-11,24.879998999999998,241400,23.39350001999998
272,2017-01-12,25.0,272600,23.411200019999978
273,2017-01-13,25.280001000000002,305900,23.43150002999998
274,2017-01-17,25.23,364100,23.45020001999998
275,2017-01-18,25.450001,232700,23.47270001999998
276,2017-01-19,25.290001,298900,23.491600029999976
277,2017-01-20,25.58,200900,23.513500039999975
278,2017-01-23,25.610001,287200,23.537700039999976
279,2017-01-24,26.110001,457900,23.566300049999978
280,2017-01-25,26.6,815000,23.600300039999976
281,2017-01-26,26.700001,802400,23.634800049999978
282,2017-01-27,26.639999,627100,23.667100039999976
283,2017-01-30,26.82,368300,23.701200039999982
284,2017-01-31,26.799999,404900,23.735200029999977
285,2017-02-01,26.530001000000002,244100,23.76640003999998
286,2017-02-02,26.32,235200,23.798700039999982
287,2017-02-03,26.459999,378400,23.83020003999998
288,2017-02-06,26.33,143100,23.86290004999998
289,2017-02-07,26.200001,323100,23.897500059999985
290,2017-02-08,26.24,257500,23.92900005999998
291,2017-02-09,26.700001,223800,23.96770006999998
292,2017-02-10,26.639999,142600,24.006900069999983
293,2017-02-13,26.98,193500,24.051500069999985
294,2017-02-14,26.91,175600,24.094000069999982
295,2017-02-15,26.790001,205900,24.13080006999998
296,2017-02-16,26.75,185700,24.168900059999984
297,2017-02-17,26.860001,252700,24.209200069999984
298,2017-02-21,27.0,216200,24.250200069999984
299,2017-02-22,26.780001000000002,411100,24.287700069999982
300,2017-02-23,28.879998999999998,1186800,24.34740005999998
301,2017-02-24,29.48,789600,24.41160006999998
302,2017-02-27,29.93,520200,24.480200069999977
303,2017-02-28,29.309998999999998,279600,24.54300004999998
304,2017-03-01,29.77,301900,24.61080004999998
305,2017-03-02,30.0,437300,24.68160004999998
306,2017-03-03,29.559998999999998,263900,24.74890003999998
307,2017-03-06,29.719998999999998,245700,24.81650003999998
308,2017-03-07,29.52,217300,24.88450004999998
309,2017-03-08,29.360001,183600,24.95070005999998
310,2017-03-09,29.870001000000002,278000,25.024400069999984
311,2017-03-10,30.040001,198800,25.099900079999983
312,2017-03-13,30.16,197700,25.174100079999985
313,2017-03-14,33.18,901600,25.279000069999984
314,2017-03-15,33.389998999999996,431300,25.385600059999984
315,2017-03-16,33.240002000000004,280400,25.491100069999984
316,2017-03-17,33.099998,626000,25.594000059999985
317,2017-03-20,32.990002000000004,521100,25.694000079999988
318,2017-03-21,32.459998999999996,312400,25.79010006999999
319,2017-03-22,32.330002,274800,25.88940008999999
320,2017-03-23,33.009997999999996,478200,25.99710006999999
321,2017-03-24,32.779999,272400,26.10590005999999
322,2017-03-27,32.93,262500,26.213200049999987
323,2017-03-28,33.040001000000004,171500,26.326400069999988
324,2017-03-29,32.810001,201800,26.439000089999986
325,2017-03-30,33.290001000000004,325500,26.557000099999986
326,2017-03-31,33.360001000000004,306900,26.673800109999988
327,2017-04-03,33.32,443900,26.78680010999999
328,2017-04-04,33.220001,296600,26.900500119999993
329,2017-04-05,32.759997999999996,336600,27.004500089999993
330,2017-04-06,32.970001,296700,27.111700099999993
331,2017-04-07,32.459998999999996,671600,27.201000079999993
332,2017-04-10,32.880001,393000,27.294700089999992
333,2017-04-11,33.169998,244800,27.39030005999999
334,2017-04-12,32.919998,169400,27.481300039999986
335,2017-04-13,32.77,158800,27.566700039999986
336,2017-04-17,33.200001,161900,27.65650005999999
337,2017-04-18,33.27,154300,27.74620006999999
338,2017-04-19,33.439999,140800,27.838700049999993
339,2017-04-20,34.060001,250100,27.93730004999999
340,2017-04-21,33.709998999999996,204300,28.02930003999999
341,2017-04-24,34.310001,174500,28.13110005999999
342,2017-04-25,34.279999,206100,28.23210004999999
343,2017-04-26,34.91,420200,28.34010003999999
344,2017-04-27,34.509997999999996,379700,28.44800002999999
345,2017-04-28,34.290001000000004,199300,28.552200029999984
346,2017-05-01,34.459998999999996,153900,28.652900029999987
347,2017-05-02,34.509997999999996,151400,28.750000019999987
348,2017-05-03,34.27,232200,28.841400029999985
349,2017-05-04,34.66,213300,28.936100019999984
350,2017-05-05,34.369999,149800,29.026600009999985
351,2017-05-08,34.419998,158500,29.11909998999998
352,2017-05-09,34.490002000000004,229600,29.21209999999998
353,2017-05-10,35.779999,1077700,29.320799989999983
354,2017-05-11,35.889998999999996,380400,29.434299969999984
355,2017-05-12,35.98,251100,29.554299969999985
356,2017-05-15,36.130001,237400,29.677699969999985
357,2017-05-16,36.220001,275100,29.801499979999985
358,2017-05-17,35.689999,261700,29.91969995999999
359,2017-05-18,35.740002000000004,229200,30.03709997999999
360,2017-05-19,35.75,389000,30.15639997999999
361,2017-05-22,35.93,199900,30.277999979999986
362,2017-05-23,36.150002,212200,30.402799999999985
363,2017-05-24,36.349998,394600,30.530499979999988
364,2017-05-25,36.34,151900,30.65839998999999
365,2017-05-26,36.369999,138000,30.785799989999987
366,2017-05-30,36.279999,173200,30.907099979999984
367,2017-05-31,36.740002000000004,245400,31.026799999999984
368,2017-06-01,37.220001,257400,31.148300009999986
369,2017-06-02,37.599998,274500,31.27749998999999
370,2017-06-05,37.82,362900,31.40599999999999
371,2017-06-06,38.77,391800,31.544900009999992
372,2017-06-07,38.450001,381700,31.679400019999992
373,2017-06-08,39.240002000000004,299100,31.819000029999994
374,2017-06-09,39.650002,312200,31.96320004999999
375,2017-06-12,39.689999,354000,32.10560002999999
376,2017-06-13,39.52,212400,32.247900019999996
377,2017-06-14,39.619999,188300,32.388300009999995
378,2017-06-15,39.720001,142500,32.529400009999996
379,2017-06-16,39.529999,707900,32.663599989999994
380,2017-06-19,39.650002,193200,32.794100009999994
381,2017-06-20,39.41,195900,32.92119999999999
382,2017-06-21,39.459998999999996,165400,33.04939999999999
383,2017-06-22,39.150002,392200,33.172700019999986
384,2017-06-23,39.290001000000004,1595500,33.29760003999999
385,2017-06-26,38.48,332100,33.417100029999986
386,2017-06-27,38.169998,281200,33.53560000999998
387,2017-06-28,39.009997999999996,233400,33.66109999999998
388,2017-06-29,38.369999,328700,33.781499989999986
389,2017-06-30,38.529999,190000,33.90479996999998
390,2017-07-03,38.580002,103700,34.02819998999998
391,2017-07-05,38.720001,277100,34.14839998999999
392,2017-07-06,38.650002,305300,34.26850001999998
393,2017-07-07,39.299999,216400,34.39170000999998
394,2017-07-10,39.34,187500,34.516000009999985
395,2017-07-11,39.619999,217500,34.644299989999986
396,2017-07-12,39.860001000000004,250500,34.77539999999998
397,2017-07-13,39.77,241600,34.904499989999984
398,2017-07-14,40.009997999999996,246000,35.03459996999999
399,2017-07-17,39.720001,318400,35.163999969999985
400,2017-07-18,39.75,199000,35.27269997999999
401,2017-07-19,40.049999,155100,35.37839996999999
402,2017-07-20,40.09,249100,35.47999996999999
403,2017-07-21,39.59,218400,35.58279997999999
404,2017-07-24,39.720001,356100,35.68229998999999
405,2017-07-25,40.450001,311600,35.78679999999999
406,2017-07-26,40.59,174500,35.897100009999996
407,2017-07-27,40.450001,130600,36.00440003
408,2017-07-28,40.299999,240400,36.112200019999996
409,2017-07-31,40.240002000000004,271300,36.22100003
410,2017-08-01,40.220001,404400,36.324500029999996
411,2017-08-02,39.810001,276100,36.42220003
412,2017-08-03,39.52,315000,36.51580003
413,2017-08-04,39.669998,304500,36.58070001
414,2017-08-07,39.799999,250700,36.64480001
415,2017-08-08,40.349998,277200,36.71589997
416,2017-08-09,45.919998,1506200,36.844099969999995
417,2017-08-10,46.279999,606500,36.97699994
418,2017-08-11,44.880001,622900,37.101199959999995
419,2017-08-14,45.860001000000004,531700,37.236499949999995
420,2017-08-15,46.450001,604600,37.37089998
421,2017-08-16,46.950001,542100,37.5126
422,2017-08-17,46.82,641200,37.6515
423,2017-08-18,46.27,1109100,37.783799990000006
424,2017-08-21,46.580002,474700,37.92150000000001
425,2017-08-22,46.84,472700,38.05699999000001
426,2017-08-23,46.759997999999996,378400,38.190999960000006
427,2017-08-24,47.41,429900,38.33189996000001
428,2017-08-25,47.639998999999996,306500,38.476099940000005
429,2017-08-28,47.790001000000004,361100,38.62639997
430,2017-08-29,47.599998,429700,38.77269994
431,2017-08-30,47.869999,333400,38.92679994
432,2017-08-31,48.18,387400,39.07979993
433,2017-09-01,48.220001,293100,39.23029996
434,2017-09-05,48.130001,285400,39.38239999
435,2017-09-06,47.23,275000,39.52699999000001
436,2017-09-07,47.580002,207900,39.67080000000001
437,2017-09-08,47.77,205400,39.8158
438,2017-09-11,48.150002,270800,39.96290003
439,2017-09-12,47.990002000000004,157300,40.10220004
440,2017-09-13,47.57,235700,40.240800050000004
441,2017-09-14,46.68,326500,40.36450004
442,2017-09-15,46.919998,556300,40.490900030000006
443,2017-09-18,48.029999,668900,40.622100020000005
444,2017-09-19,48.790001000000004,422000,40.76490005000001
445,2017-09-20,48.52,407000,40.90720004000001
446,2017-09-21,48.400002,383800,41.04660007000001
447,2017-09-22,48.419998,425800,41.185700070000024
448,2017-09-25,47.779999,285200,41.32080006000002
449,2017-09-26,48.16,363300,41.45580006000002
450,2017-09-27,50.139998999999996,488400,41.61350006000002
451,2017-09-28,49.759997999999996,386100,41.76690006000002
452,2017-09-29,49.580002,292300,41.91780006000001
453,2017-10-02,50.43,480300,42.06430007000001
454,2017-10-03,51.169998,354800,42.217100060000014
455,2017-10-04,50.830002,844900,42.365600080000014
456,2017-10-05,52.209998999999996,422800,42.52640006000001
457,2017-10-06,53.830002,851600,42.702500070000006
458,2017-10-09,54.560001,486700,42.891200090000005
459,2017-10-10,54.709998999999996,283100,43.080900060000005
460,2017-10-11,54.02,375900,43.26360006000001
461,2017-10-12,53.849998,294100,43.44280004
462,2017-10-13,53.439999,327800,43.61570001
463,2017-10-16,53.759997999999996,362900,43.78980001
464,2017-10-17,53.880001,191500,43.965200020000005
465,2017-10-18,54.080002,316100,44.14230005
466,2017-10-19,53.919998,227000,44.31870004
467,2017-10-20,54.32,273100,44.49450002
468,2017-10-23,54.830002,293500,44.670600029999996
469,2017-10-24,55.41,297200,44.84870005
470,2017-10-25,56.450001,302100,45.03500006
471,2017-10-26,56.48,305100,45.21210005999999
472,2017-10-27,56.939999,235000,45.397000039999995
473,2017-10-30,56.07,422100,45.565300019999995
474,2017-10-31,56.619999,251700,45.734999989999984
475,2017-11-01,56.220001,315700,45.90030000999998
476,2017-11-02,56.889998999999996,327800,46.07399999999998
477,2017-11-03,56.580002,320300,46.24360002999998
478,2017-11-06,56.900002,351400,46.41540003999999
479,2017-11-07,55.509997999999996,448400,46.575200029999976
480,2017-11-08,64.25,1059400,46.82120000999998
481,2017-11-09,64.639999,569200,47.073499999999974
482,2017-11-10,63.799999,613000,47.316899999999976
483,2017-11-13,62.57,483500,47.551099979999975
484,2017-11-14,62.16,247200,47.77979996999997
485,2017-11-15,61.060001,542400,48.00559997999997
486,2017-11-16,61.860001000000004,925600,48.242500009999965
487,2017-11-17,61.970001,752900,48.472100039999965
488,2017-11-20,63.0,472200,48.71840004999997
489,2017-11-21,63.439999,370300,48.96750004999997
490,2017-11-22,62.950001,246200,49.21120003999997
491,2017-11-24,63.34,172300,49.45740002999998
492,2017-11-27,62.139998999999996,319100,49.692299999999975
493,2017-11-28,62.82,319800,49.927500009999974
494,2017-11-29,61.959998999999996,396400,50.15369999999997
495,2017-11-30,61.799999,576500,50.375499999999974
496,2017-12-01,61.27,410200,50.58959998999998
497,2017-12-04,59.810001,422000,50.78999999999997
498,2017-12-05,59.560001,396600,50.98550002999997
499,2017-12-06,60.43,226500,51.19260001999997
500,2017-12-07,60.330002,261700,51.39840003999997
501,2017-12-08,61.209998999999996,437800,51.61000003999997
502,2017-12-11,61.380001,352200,51.82290004999997
503,2017-12-12,61.669998,353800,52.043700029999975
504,2017-12-13,60.919998,407000,52.255699999999976
505,2017-12-14,59.240002000000004,489100,52.44360000999998
506,2017-12-15,60.360001000000004,960900,52.64130001999998
507,2017-12-18,62.049999,425700,52.85729999999998
508,2017-12-19,61.599998,452300,53.070299989999974
509,2017-12-20,61.450001,277100,53.28239997999997
510,2017-12-21,61.439999,151400,53.49459995999998
511,2017-12-22,61.560001,189200,53.712099959999975
512,2017-12-26,61.099998,274400,53.92789993999997
513,2017-12-27,61.029999,145300,54.14149994999997
514,2017-12-28,60.740002000000004,187900,54.350899979999966
515,2017-12-29,60.259997999999996,207900,54.549999979999974
516,2018-01-02,59.580002,295500,54.68660001999997
517,2018-01-03,60.459998999999996,273500,54.82840001999996
518,2018-01-04,60.970001,177100,54.98930001999995
519,2018-01-05,62.84,516900,55.15910000999995
520,2018-01-08,63.07,343700,55.32529999999995
521,2018-01-09,61.779999,247100,55.47359997999995
522,2018-01-10,60.669998,249100,55.61209995999996
523,2018-01-11,61.439999,168500,55.76379994999996
524,2018-01-12,61.610001000000004,159000,55.91409993999996
525,2018-01-16,60.209998999999996,279300,56.047799929999954
526,2018-01-17,61.080002,227800,56.19099996999996
527,2018-01-18,61.279999,236900,56.329699959999964
528,2018-01-19,62.470001,253700,56.47799997999996
529,2018-01-22,62.540001000000004,174900,56.62549997999996
530,2018-01-23,63.639998999999996,368600,56.78589998999996
531,2018-01-24,62.009997999999996,325400,56.92729997999996
532,2018-01-25,62.32,172100,57.068699979999955
533,2018-01-26,63.66,262400,57.22309996999996
534,2018-01-29,61.799999,222400,57.35979994999995
535,2018-01-30,61.799999,211700,57.50549993999996
536,2018-01-31,61.259997999999996,244000,57.642299899999955
537,2018-02-01,61.779999,208500,57.78239988999995
538,2018-02-02,59.470001,357300,57.89559987999994
539,2018-02-05,57.380001,433000,57.989499869999946
540,2018-02-06,57.52,520800,58.08899986999995
541,2018-02-07,57.349998,213200,58.19569984999995
542,2018-02-08,55.869999,337000,58.28519985999994
543,2018-02-09,56.189999,358000,58.36679985999994
544,2018-02-12,55.91,412800,58.43799984999993
545,2018-02-13,59.209998999999996,664100,58.54489983999993
546,2018-02-14,60.459998999999996,388700,58.66549980999992
547,2018-02-15,60.18,304100,58.78309982999992
548,2018-02-16,60.439999,319900,58.909699829999916
549,2018-02-20,60.830002,296700,59.03639984999992
550,2018-02-21,60.290001000000004,452700,59.13789986999992
551,2018-02-22,66.300003,1487200,59.303299919999915
552,2018-02-23,66.199997,664500,59.469499869999915
553,2018-02-26,66.470001,689000,59.62989987999991
554,2018-02-27,65.949997,626600,59.77769986999991
555,2018-02-28,65.129997,421300,59.92069981999991
556,2018-03-01,65.410004,412200,60.05269986999991
557,2018-03-02,65.949997,328700,60.17389981999992
558,2018-03-05,65.290001,320600,60.28119981999992
559,2018-03-06,66.43,366200,60.398399829999924
560,2018-03-07,66.860001,344700,60.526799839999924
561,2018-03-08,67.510002,199600,60.66339987999992
562,2018-03-09,67.870003,332000,60.80769991999992
563,2018-03-12,68.309998,619400,60.95319991999992
564,2018-03-13,67.650002,510300,61.090899929999914
565,2018-03-14,67.620003,354600,61.22629993999992
566,2018-03-15,67.040001,428200,61.357499969999914
567,2018-03-16,67.589996,582200,61.49019992999992
568,2018-03-19,66.150002,300600,61.603399929999924
569,2018-03-20,67.870003,294900,61.72799995999993
570,2018-03-21,66.779999,176300,61.83129993999992
571,2018-03-22,65.040001,262400,61.91689994999993
572,2018-03-23,65.099998,365900,61.99849993999993
573,2018-03-26,68.790001,483000,62.125699949999934
574,2018-03-27,65.150002,306400,62.21099997999994
575,2018-03-28,63.07,510500,62.27949996999994
576,2018-03-29,64.160004,398100,62.35220001999995
577,2018-04-02,62.119999,379800,62.407599989999945
578,2018-04-03,62.59,298100,62.46449996999994
579,2018-04-04,63.470001,201300,62.54409999999994
580,2018-04-05,63.41,275300,62.53569999999994
581,2018-04-06,61.740002000000004,437500,62.50670002999995
582,2018-04-09,61.970001,256100,62.488400049999946
583,2018-04-10,63.25,453500,62.49520004999995
584,2018-04-11,62.509997999999996,157800,62.498700029999945
585,2018-04-12,62.700001,188400,62.51510002999995
586,2018-04-13,62.400002,460600,62.52050003999995
587,2018-04-16,62.700001,344400,62.52780003999996
588,2018-04-17,63.189999,291900,62.52970002999996
589,2018-04-18,63.060001,548900,62.525900049999954
590,2018-04-19,62.48,154600,62.52120003999995
591,2018-04-20,62.490002000000004,133900,62.51270005999995
592,2018-04-23,62.919998,210200,62.52050004999995
593,2018-04-24,60.84,359100,62.500700049999956
594,2018-04-25,60.509997999999996,189300,62.48620003999996
595,2018-04-26,61.040001000000004,303900,62.47860005999996
596,2018-04-27,60.360001000000004,373800,62.46950006999996
597,2018-04-30,60.810001,234700,62.47950006999996
598,2018-05-01,60.639998999999996,242600,62.49030004999996
599,2018-05-02,61.290001000000004,462100,62.49890005999996
600,2018-05-03,60.950001,240600,62.50510004999997
601,2018-05-04,61.5,210400,62.508000059999965
602,2018-05-07,62.48,274600,62.51900004999996
603,2018-05-08,62.939999,429400,62.531700059999956
604,2018-05-09,63.299999,503100,62.55550006999995
605,2018-05-10,72.57,1648300,62.688800049999955
606,2018-05-11,72.0,499900,62.80520003999995
607,2018-05-14,72.730003,523600,62.912000079999956
608,2018-05-15,72.690002,609600,63.02290011999996
609,2018-05-16,72.050003,579300,63.128900139999956
610,2018-05-17,72.25,395800,63.23700014999996
611,2018-05-18,71.43,347400,63.335700139999965
612,2018-05-21,73.599998,378300,63.460700139999965
613,2018-05-22,71.150002,303900,63.561900169999966
614,2018-05-23,71.470001,328400,63.66920015999997
615,2018-05-24,71.989998,337700,63.78650015999996
616,2018-05-25,71.93,304800,63.910000139999966
617,2018-05-29,71.279999,370400,64.01820013999998
618,2018-05-30,73.050003,381200,64.13900015999998
619,2018-05-31,71.269997,593400,64.22330012999998
620,2018-06-01,72.860001,413900,64.32120013999999
621,2018-06-04,73.980003,312600,64.44320017999998
622,2018-06-05,74.870003,274800,64.58520022999997
623,2018-06-06,75.629997,242000,64.72710020999997
624,2018-06-07,74.620003,226500,64.85720022999998
625,2018-06-08,75.959999,393100,65.01470022999997
626,2018-06-11,77.16999799999999,396200,65.17560018999998
627,2018-06-12,77.730003,344600,65.34010022999998
628,2018-06-13,78.0,771100,65.49540021999998
629,2018-06-14,77.980003,295700,65.64980023999996
630,2018-06-15,78.220001,638400,65.79560025999996
631,2018-06-18,78.400002,510900,65.95950029999996
632,2018-06-19,77.410004,342800,66.11040033999997
633,2018-06-20,78.059998,226000,66.25440031999997
634,2018-06-21,77.57,209400,66.41210032999997
635,2018-06-22,77.110001,617200,66.56520034999997
636,2018-06-25,74.339996,404100,66.69600032999998
637,2018-06-26,74.989998,522200,66.82810031999996
638,2018-06-27,71.589996,227500,66.94930026999997
639,2018-06-28,72.089996,243700,67.09640021999996
640,2018-06-29,73.389999,390800,67.25510020999995
641,2018-07-02,75.239998,645900,67.43400020999997
642,2018-07-03,75.0,260300,67.62530021999996
643,2018-07-05,75.58000200000001,253200,67.81920024999995
644,2018-07-06,75.860001,239900,68.01870025999996
645,2018-07-09,76.839996,225700,68.19500022999996
646,2018-07-10,77.800003,366400,68.36840026999997
647,2018-07-11,78.16999799999999,211200,68.54830024999997
648,2018-07-12,79.790001,226700,68.74180026999997
649,2018-07-13,78.360001,203400,68.91710025999997
650,2018-07-16,78.040001,195200,69.09460025999996
651,2018-07-17,79.18,539900,69.22340022999997
652,2018-07-18,81.519997,260500,69.37660022999998
653,2018-07-19,81.43,243400,69.52620021999998
654,2018-07-20,81.709999,225300,69.68380023999998
655,2018-07-23,82.5,278500,69.85750026999999
656,2018-07-24,82.150002,304500,70.02490024999999
657,2018-07-25,83.699997,281800,70.20240024999998
658,2018-07-26,83.510002,251800,70.38460025999998
659,2018-07-27,80.489998,301600,70.52520023999998
660,2018-07-30,78.540001,203000,70.64200023999997
661,2018-07-31,79.32,285400,70.76010021999997
662,2018-08-01,80.339996,579000,70.88480014999998
663,2018-08-02,81.449997,167600,71.01620013999997
664,2018-08-03,79.510002,255200,71.13480013999997
665,2018-08-06,79.269997,305500,71.25130007999998
666,2018-08-07,80.68,216300,71.38770006999998
667,2018-08-08,80.699997,390300,71.51880007999998
668,2018-08-09,83.410004,855800,71.69140009999997
669,2018-08-10,83.610001,397200,71.84880007999998
670,2018-08-13,82.300003,506800,72.00400011999997
671,2018-08-14,83.739998,253000,72.19100008999997
672,2018-08-15,83.400002,302900,72.37400012999997
673,2018-08-16,84.75,292300,72.53360011999997
674,2018-08-17,85.029999,196400,72.73240008999997
675,2018-08-20,84.699997,191600,72.94870005999998
676,2018-08-21,85.010002,240300,73.15720003999996
677,2018-08-22,86.029999,214000,73.39630003999997
678,2018-08-23,85.720001,145500,73.62760004999997
679,2018-08-24,85.660004,215500,73.84950007999998
680,2018-08-27,85.690002,174300,74.07230009999998
681,2018-08-28,85.040001,122100,74.30530008999999
682,2018-08-29,84.769997,174500,74.53330005
683,2018-08-30,85.190002,164500,74.75270006999999
684,2018-08-31,85.66999799999999,225100,74.98430006999999
685,2018-09-04,85.309998,207500,75.21040003999998
686,2018-09-05,84.43,274200,75.43070001999999
687,2018-09-06,84.029999,247200,75.64399999999999
688,2018-09-07,85.370003,262600,75.86580003999998
689,2018-09-10,85.940002,263700,76.09460005
690,2018-09-11,85.440002,175600,76.32420007
691,2018-09-12,85.480003,419900,76.55410007999998
692,2018-09-13,86.239998,296600,76.78730007999998
693,2018-09-14,90.93,731800,77.08820008
694,2018-09-17,88.489998,560900,77.36800007999999
695,2018-09-18,89.82,355300,77.65580006999998
696,2018-09-19,86.650002,556700,77.91870007999998
697,2018-09-20,87.639999,388100,78.18700005999999
698,2018-09-21,87.25,507600,78.45310006999998
699,2018-09-24,86.489998,372300,78.70510003999998
700,2018-09-25,87.739998,307100,78.97300000999998
701,2018-09-26,87.290001,292200,79.23090001999998
702,2018-09-27,87.779999,279700,79.48390000999999
703,2018-09-28,88.82,330300,79.74270001999999
704,2018-10-01,87.790001,336000,79.98760003999999
705,2018-10-02,86.980003,369300,80.13170007
706,2018-10-03,87.550003,241900,80.28720009999999
707,2018-10-04,83.900002,303700,80.39890009
708,2018-10-05,83.650002,303400,80.50850009
709,2018-10-08,81.660004,313400,80.6046001
710,2018-10-09,81.239998,272400,80.69450008
711,2018-10-10,76.599998,667800,80.74620005999999
712,2018-10-11,73.779999,831200,80.74800007
713,2018-10-12,74.58000200000001,654500,80.78230006999999
714,2018-10-15,75.349998,464200,80.82110003999999
715,2018-10-16,78.550003,665900,80.88670008999999
716,2018-10-17,76.32,364500,80.93060008999998
717,2018-10-18,75.300003,379400,80.97080012999999
718,2018-10-19,75.809998,424800,80.99840007999998
719,2018-10-22,76.339996,247200,81.04910006999998
720,2018-10-23,76.709999,337500,81.08760004999998
721,2018-10-24,74.0,341400,81.08780001999997
722,2018-10-25,76.220001,362400,81.10129999999998
723,2018-10-26,74.43,326400,81.08930002999998
724,2018-10-29,72.510002,296800,81.06820001999998
725,2018-10-30,73.239998,426800,81.04100000999998
726,2018-10-31,75.739998,345900,81.02670000999997
727,2018-11-01,77.309998,306600,81.02249995999998
728,2018-11-02,78.83000200000001,443200,81.03079997999997
729,2018-11-05,78.099998,430300,81.03199992999997
730,2018-11-06,80.459999,398200,81.05439990999997
731,2018-11-07,86.019997,769300,81.13059985999998
732,2018-11-08,92.839996,1190900,81.28489977999998
733,2018-11-09,85.93,779500,81.36359979999996
734,2018-11-12,79.769997,649200,81.38559976999997
735,2018-11-13,79.150002,433600,81.40599977999997
736,2018-11-14,80.58000200000001,655700,81.46839983999998
737,2018-11-15,83.0,484000,81.54849985999998
738,2018-11-16,84.809998,1055700,81.68069987999998
739,2018-11-19,77.269997,673900,81.73249988999999
740,2018-11-20,73.639999,574100,81.73499988999998
741,2018-11-21,77.58000200000001,549400,81.75839992999998
742,2018-11-23,76.879997,157000,81.77719989999997
743,2018-11-26,79.540001,298400,81.81679988999997
744,2018-11-27,79.089996,412400,81.84909983999997
745,2018-11-28,82.879997,542300,81.90949984999999
746,2018-11-29,81.139999,579400,81.94289980999999
747,2018-11-30,83.339996,713000,81.99459979
748,2018-12-03,83.540001,444700,82.03209978999999
749,2018-12-04,79.0,504700,82.03849978
750,2018-12-06,78.959999,654000,82.04769976000001
751,2018-12-07,79.0,841900,82.04589976000001
752,2018-12-10,79.459999,346200,82.02529978000003
753,2018-12-11,79.550003,487100,82.00649981000002
754,2018-12-12,81.959999,703100,82.00899981000002
755,2018-12-13,81.25,457300,81.99649981000002
756,2018-12-14,81.0,486900,81.98499979000002
757,2018-12-17,78.059998,820900,81.92859980000003
758,2018-12-18,78.599998,419600,81.87949976000003
759,2018-12-19,76.269997,455100,81.83729975000003
760,2018-12-20,72.989998,717700,81.78179972000002
761,2018-12-21,70.690002,758900,81.69549974000003
762,2018-12-24,69.91999799999999,165900,81.59129976000003
763,2018-12-26,75.739998,408900,81.53419977000003
764,2018-12-27,76.989998,360200,81.50899973000003
765,2018-12-28,77.050003,279200,81.48679979000002
766,2018-12-31,79.519997,494900,81.47519976000001
767,2019-01-02,78.33000200000001,432700,81.45149981000003
768,2019-01-03,74.400002,342200,81.36139979000002
769,2019-01-04,79.5,457000,81.32029978000003
770,2019-01-07,78.459999,388600,81.28189974000003
771,2019-01-08,78.93,395700,81.23379976000003
772,2019-01-09,80.629997,275300,81.20609971000003
773,2019-01-10,81.83000200000001,266900,81.17689973000004
774,2019-01-11,82.059998,350400,81.14719972000005
775,2019-01-14,81.959999,365700,81.11979974000005
776,2019-01-15,83.089996,300000,81.10059968000006
777,2019-01-16,78.959999,1253500,81.02989968000006
778,2019-01-17,78.050003,9784400,80.95319970000006
779,2019-01-18,79.470001,896300,80.89129967000005
780,2019-01-22,77.980003,560900,80.81419968000004
781,2019-01-23,78.730003,581000,80.75109970000004
782,2019-01-24,78.550003,378900,80.68889976000004
783,2019-01-25,78.660004,304800,80.62359978000003
784,2019-01-28,78.07,319200,80.54759980000003
785,2019-01-29,73.93,561800,80.43379982000005
786,2019-01-30,75.839996,719600,80.34789978000003
787,2019-01-31,74.019997,506100,80.24779976000004
788,2019-02-01,75.290001,407500,80.14699974000004
789,2019-02-04,75.019997,341400,80.03779969000004
790,2019-02-05,74.980003,377100,79.93319970000003
791,2019-02-06,73.099998,432800,79.80939965000003
792,2019-02-07,72.849998,356200,79.67549965000003
793,2019-02-08,72.529999,338400,79.49149964000003
794,2019-02-11,71.82,507300,79.32479966000002
795,2019-02-12,74.790001,724600,79.17449967000003
796,2019-02-13,74.660004,325500,79.05459969000003
797,2019-02-14,73.809998,489900,78.91629968000002
798,2019-02-15,74.339996,493000,78.78719964000003
799,2019-02-19,74.800003,703800,78.67029969000004
800,2019-02-20,74.66999799999999,846500,78.53959969000003
801,2019-02-21,67.199997,2413300,78.33869965000002
802,2019-02-22,67.5,798300,78.13589966000002
803,2019-02-25,64.589996,2238500,77.89359962000002
804,2019-02-26,63.299999,767900,77.64869960000001
805,2019-02-27,64.449997,650300,77.42339954000002
806,2019-02-28,64.550003,1194900,77.19339954000002
807,2019-03-01,63.759997999999996,747600,76.99199950000002
808,2019-03-04,61.75,583600,76.77299948000001
809,2019-03-05,60.09,589600,76.55729944000001
810,2019-03-06,57.200001,1585100,76.31689947000001
811,2019-03-07,57.27,866300,76.12359949000002
812,2019-03-08,57.310001,486000,75.95889951000002
813,2019-03-11,58.200001,650300,75.79509950000002
814,2019-03-12,57.650002,360600,75.61809954000003
815,2019-03-13,57.07,537800,75.40329951000002
816,2019-03-14,58.41,759900,75.22419951000002
817,2019-03-15,58.560001,761300,75.05679949000002
818,2019-03-18,59.34,532000,74.89209951000002
819,2019-03-19,60.080002,693900,74.72949957000003
820,2019-03-20,60.82,1048500,74.57059958000002
821,2019-03-21,62.0,958100,74.45059958000003
822,2019-03-22,58.779999,884800,74.27619956000004
823,2019-03-25,61.009997999999996,1491300,74.14199954000003
824,2019-03-26,59.349998,1718100,74.01039950000003
825,2019-03-27,59.060001,1156900,73.86859953000003
826,2019-03-28,60.380001,396000,73.71499956000004
827,2019-03-29,60.650002,1035200,73.54839960000004
828,2019-04-01,61.900002,886800,73.37909960000005
829,2019-04-02,61.5,728000,73.21309962000005
830,2019-04-03,61.849998,479400,73.02699961000005
831,2019-04-04,61.220001,341200,72.77899965000005
832,2019-04-05,61.91,437000,72.46969969000004
833,2019-04-08,61.990002000000004,417500,72.23029971000004
834,2019-04-09,61.799999,360100,72.05059973000003
835,2019-04-10,62.5,341000,71.88409971000003
836,2019-04-11,61.799999,453800,71.69629968000002
837,2019-04-12,62.689999,506700,71.49319967000002
838,2019-04-15,62.119999,457700,71.26629968000003
839,2019-04-16,61.18,395600,71.10539971000003
840,2019-04-17,60.970001,448100,70.97869973000003
841,2019-04-18,60.740002000000004,451700,70.81029973000004
842,2019-04-22,61.0,507100,70.65149976000004
843,2019-04-23,62.220001,442900,70.47829976000003
844,2019-04-24,61.799999,547700,70.30539979000002
845,2019-04-25,63.0,457200,70.10659982000003
846,2019-04-26,63.349998,391900,69.92869981000003
847,2019-04-29,64.129997,531700,69.73659982000002
848,2019-04-30,63.77,431100,69.53889981000003
849,2019-05-01,63.599998,535800,69.38489979000002
850,2019-05-02,65.019997,606700,69.24549977000004
851,2019-05-03,66.68,529600,69.12229977000004
852,2019-05-06,65.269997,618500,68.98039975000005
853,2019-05-07,63.060001,543900,68.81549973000004
854,2019-05-08,63.27,646100,68.62859974000004
855,2019-05-09,46.560001,5737100,68.28169975000004
856,2019-05-10,48.830002,1386300,67.95999977000004
857,2019-05-13,46.889998999999996,790300,67.64829978000004
858,2019-05-14,47.68,496600,67.33909980000004
859,2019-05-15,47.52,561000,67.05159983000004
860,2019-05-16,48.02,779900,66.80189985000005
861,2019-05-17,48.720001,1045200,66.58219984000004
862,2019-05-20,47.889998999999996,641400,66.36189985000004
863,2019-05-21,48.009997999999996,737900,66.08459985000005
864,2019-05-22,49.549999,1125300,65.81019986000004
865,2019-05-23,48.48,606800,65.52449983000002
866,2019-05-24,48.84,718800,65.21769986000002
867,2019-05-28,47.799999,665900,64.91239983000003
868,2019-05-29,47.25,1087500,64.64089981000002
869,2019-05-30,47.07,663800,64.31659981000003
870,2019-05-31,46.41,734700,63.996099820000026
871,2019-06-03,47.09,729600,63.67769982000002
872,2019-06-04,49.099998,488200,63.36239983000002
873,2019-06-05,49.209998999999996,576400,63.03619980000002
874,2019-06-06,48.650002,972100,62.70209984000003
875,2019-06-07,49.639998999999996,627500,62.37889984000003
876,2019-06-10,50.810001,435900,62.056099890000034
877,2019-06-11,50.099998,449900,61.76749988000003
878,2019-06-12,49.639998999999996,433100,61.48339984000003
879,2019-06-13,49.810001,328900,61.18679984000003
880,2019-06-14,49.029999,307300,60.897299800000035
881,2019-06-17,49.380001,490800,60.603799780000045
882,2019-06-18,48.610001000000004,558300,60.304399760000045
883,2019-06-19,47.439999,1128600,59.992199710000044
884,2019-06-20,48.169998,1068900,59.69319969000005
885,2019-06-21,48.139998999999996,812100,59.43529968000004
886,2019-06-24,47.59,357300,59.15279972000005
887,2019-06-25,47.490002000000004,550700,58.88749977000004
888,2019-06-26,48.0,415700,58.61459976000004
889,2019-06-27,48.450001,336300,58.348899800000034
890,2019-06-28,48.900002,1081300,58.088099790000044
891,2019-07-01,48.450001,417000,57.84159982000005
892,2019-07-02,48.709998999999996,417900,57.600199830000044
893,2019-07-03,49.110001000000004,154800,57.365999850000044
894,2019-07-05,49.400002,266900,57.14179987000005
895,2019-07-08,48.77,352600,56.88159986000005
896,2019-07-09,48.919998,376100,56.62419980000005
897,2019-07-10,49.009997999999996,276600,56.37619980000006
898,2019-07-11,48.639998999999996,609500,56.11919983000006
899,2019-07-12,49.0,424700,55.86119980000006
900,2019-07-15,49.150002,416600,55.60599984000006
901,2019-07-16,48.41,593800,55.41809987000006
902,2019-07-17,47.869999,340300,55.221799860000054
903,2019-07-18,48.400002,395500,55.05989992000006
904,2019-07-19,47.75,260200,54.90439993000006
905,2019-07-22,47.59,401100,54.735799960000065
906,2019-07-23,47.779999,317400,54.568099920000066
907,2019-07-24,48.529999,434500,54.41579993000007
908,2019-07-25,47.619999,499900,54.27449992000006
909,2019-07-26,49.099998,662100,54.164599900000056
910,2019-07-29,49.669998,501600,54.08929987000006
911,2019-07-30,50.049999,364100,54.01709986000005
912,2019-07-31,50.689999,776900,53.950899840000055
913,2019-08-01,49.549999,823600,53.86439982000005
914,2019-08-02,48.52,726200,53.773099800000054
915,2019-08-05,46.869999,801500,53.671099790000056
916,2019-08-06,46.349998,1012400,53.55049977000005
917,2019-08-07,47.259997999999996,1092200,53.43749974000006
918,2019-08-08,27.42,9216400,53.118299740000054
919,2019-08-09,29.82,3564600,52.815699720000055
920,2019-08-12,27.860001,1816800,52.48609973000006
921,2019-08-13,29.219998999999998,1460100,52.15829972000006
922,2019-08-14,28.860001,1197100,51.859099740000055
923,2019-08-15,29.530001000000002,976700,51.54429977000005
924,2019-08-16,29.709999,616800,51.247899780000054
925,2019-08-19,30.42,700200,50.96149977000005
926,2019-08-20,30.48,641200,50.662499760000046
927,2019-08-21,31.82,573400,50.37419974000004
928,2019-08-22,31.43,655500,50.06949972000004
929,2019-08-23,29.68,1094100,49.75129972000004
930,2019-08-26,30.91,567800,49.441899740000046
931,2019-08-27,30.35,495400,49.13319973000005
932,2019-08-28,30.75,503300,48.82159973000005
933,2019-08-29,30.41,524600,48.50579971000005
934,2019-08-30,30.58,616600,48.193599720000044
935,2019-09-03,29.67,625700,47.865299720000046
936,2019-09-04,29.120001000000002,480800,47.53849974000005
937,2019-09-05,28.57,977800,47.19729975000005
938,2019-09-06,28.040001,601700,46.856499770000056
939,2019-09-09,28.219998999999998,430300,46.52689976000005
940,2019-09-10,27.52,808400,46.19239975000006
941,2019-09-11,28.58,834700,45.87079973000005
942,2019-09-12,27.879998999999998,734300,45.53959972000005
943,2019-09-13,27.01,770600,45.187499710000054
944,2019-09-16,27.879998999999998,568200,44.848299710000056
945,2019-09-17,27.48,626500,44.49309971000005
946,2019-09-18,27.309998999999998,501100,44.132699720000055
947,2019-09-19,27.190001000000002,669600,43.76329976000005
948,2019-09-20,27.870001000000002,1514200,43.40429977000005
949,2019-09-23,27.33,461400,43.041599790000056
950,2019-09-24,26.24,862400,42.653799820000046
951,2019-09-25,26.65,750000,42.253499820000044
952,2019-09-26,25.35,930700,41.85429985000005
953,2019-09-27,25.23,654200,41.47599984000004
954,2019-09-30,25.25,780500,41.09579984000003
955,2019-10-01,24.66,1010100,40.87679983000004
956,2019-10-02,23.5,784900,40.623499810000034
957,2019-10-03,23.110001,1162900,40.385699830000036
958,2019-10-04,23.75,609700,40.146399830000036
959,2019-10-07,23.299999,579000,39.90419982000004
960,2019-10-08,22.469998999999998,595300,39.64869981000003
961,2019-10-09,22.77,550900,39.389199800000036
962,2019-10-10,23.07,380400,39.14099981000003
963,2019-10-11,24.26,711000,38.90349983000004
964,2019-10-14,24.41,404500,38.652099840000034
965,2019-10-15,24.41,382800,38.41139984000004
966,2019-10-16,24.26,285400,38.165599840000034
967,2019-10-17,24.27,308600,37.93029985000004
968,2019-10-18,24.290001,512800,37.700699860000036
969,2019-10-21,24.49,512600,37.47489986000003
970,2019-10-22,25.02,669600,37.260999860000034
971,2019-10-23,25.41,530900,37.04419986000003
972,2019-10-24,24.540001,685500,36.79859989000003
973,2019-10-25,25.209999,371800,36.558599890000025
974,2019-10-28,26.040001,803100,36.33249988000003
975,2019-10-29,25.76,483600,36.09369989000003
976,2019-10-30,29.65,2421400,35.882099880000034
977,2019-10-31,28.84,1090100,35.669499900000034
978,2019-11-01,29.08,883300,35.46389991000003
979,2019-11-04,29.360001,498000,35.259399910000035
980,2019-11-05,29.32,524900,35.06229992000004
981,2019-11-06,29.41,664200,34.862599910000036
982,2019-11-07,29.950001,863500,34.67599991000004
983,2019-11-08,24.540001,3353200,34.44699993000003
984,2019-11-11,24.879998999999998,984400,34.21409994000004
985,2019-11-12,25.940001000000002,1128900,33.99209996000004
986,2019-11-13,25.379998999999998,671700,33.769999950000035
987,2019-11-14,25.530001000000002,521800,33.55039994000004
988,2019-11-15,25.34,558700,33.32379994000004
989,2019-11-18,24.6,907600,33.08529993000004
990,2019-11-19,24.700001,531100,32.84329992000004
991,2019-11-20,24.190001000000002,479700,32.60069992000004
992,2019-11-21,23.98,650900,32.35339993000004
993,2019-11-22,24.049999,580900,32.10279991000004
994,2019-11-25,23.85,654000,31.847299890000034
995,2019-11-26,23.66,640900,31.596199890000033
996,2019-11-27,24.02,652000,31.347199910000036
997,2019-11-29,23.76,216800,31.094699930000036
998,2019-12-02,23.35,844300,30.841799940000037
999,2019-12-03,23.870001000000002,609500,30.59049995000004
1000,2019-12-04,24.629998999999998,417500,30.345299920000038
1001,2019-12-05,24.68,1035300,30.10799992000004
1002,2019-12-06,25.0,812000,29.879299930000037
1003,2019-12-09,25.139999,391600,29.64669990000004
1004,2019-12-10,24.860001,320400,29.41779991000004
1005,2019-12-11,25.16,426100,29.193499910000035
1006,2019-12-12,26.209999,702100,28.97779991000004
1007,2019-12-13,26.280001000000002,1119000,28.755299930000042
1008,2019-12-16,26.469998999999998,622100,28.54379993000004
1009,2019-12-17,26.389999,398800,28.31669994000004
1010,2019-12-18,25.860001,309600,28.07859997000004
1011,2019-12-19,23.18,5652000,27.80989998000004
1012,2019-12-20,23.299999,2376300,27.53599998000004
1013,2019-12-23,22.969998999999998,2114300,27.27019998000004
1014,2019-12-24,22.77,615800,27.01269998000004
1015,2019-12-26,23.190001000000002,826900,26.77590000000004
1016,2019-12-27,23.23,738400,26.544700020000036
1017,2019-12-30,22.76,543800,26.29970004000004
1018,2019-12-31,23.299999,572400,26.258500030000036
1019,2020-01-02,23.35,649100,26.193800030000034
1020,2020-01-03,22.98,479300,26.145000020000033
1021,2020-01-06,23.32,754800,26.086000030000037
1022,2020-01-07,23.41,689200,26.031500020000035
1023,2020-01-08,23.799999,598300,25.97420000000003
1024,2020-01-09,24.09,799600,25.918000010000032
1025,2020-01-10,24.0,878500,25.853800010000032
1026,2020-01-13,24.389999,573100,25.79290000000003
1027,2020-01-14,25.0,1389600,25.72470000000003
1028,2020-01-15,25.370001000000002,859900,25.664100010000034
1029,2020-01-16,25.91,694500,25.626400010000033
1030,2020-01-17,26.4,621400,25.581300010000035
1031,2020-01-21,26.6,739500,25.543800010000037
1032,2020-01-22,28.1,1631500,25.517300010000035
1033,2020-01-23,29.0,1617900,25.503200010000036
1034,2020-01-24,29.0,1093200,25.487400010000037
1035,2020-01-27,29.280001000000002,1400900,25.483500020000037
1036,2020-01-28,29.84,1485500,25.490700010000037
1037,2020-01-29,29.559998999999998,1783400,25.500600000000034
1038,2020-01-30,29.82,957700,25.518399990000038
1039,2020-01-31,30.08,1354500,25.537000000000038
1040,2020-02-03,31.82,3989600,25.58000000000004
1041,2020-02-04,34.23,3250900,25.63650000000004
1042,2020-02-05,34.209998999999996,9984200,25.699800000000042
1043,2020-02-06,35.150002,1035900,25.78120002000004
1044,2020-02-07,34.549999,673000,25.847900020000033
1045,2020-02-10,33.290001000000004,759500,25.906000030000033
1046,2020-02-11,33.419998,649200,25.96710002000003
1047,2020-02-12,33.990002000000004,431000,26.03510003000003
1048,2020-02-13,33.52,659600,26.091600020000033
1049,2020-02-14,33.950001,709700,26.157800030000036
1050,2020-02-18,34.099998,535700,26.23640001000004
1051,2020-02-19,35.169998,1105300,26.321599990000035
1052,2020-02-20,37.09,2053900,26.43899999000004
1053,2020-02-21,36.200001,991200,26.54870000000004
1054,2020-02-24,36.299999,1011800,26.659199990000037
1055,2020-02-25,34.669998,802600,26.75929997000004
1056,2020-02-26,34.110001000000004,714200,26.86539998000004
1057,2020-02-27,33.93,1091000,26.973599970000038
1058,2020-02-28,34.16,1053000,27.077699970000037
1059,2020-03-02,34.23,993000,27.18699998000004
1060,2020-03-03,33.209998999999996,885200,27.29439998000004
1061,2020-03-04,33.529999,870500,27.401999970000038
1062,2020-03-05,33.360001000000004,678700,27.504899980000037
1063,2020-03-06,30.17,1546200,27.563999980000034
1064,2020-03-09,29.860001,986200,27.618499990000036
1065,2020-03-10,30.440001000000002,906200,27.678800000000038
1066,2020-03-11,28.5,1097400,27.721200000000035
1067,2020-03-12,21.209999,1588300,27.690599990000038
1068,2020-03-13,28.17,2267900,27.72939998000004
1069,2020-03-16,25.68,925400,27.74129998000004
1070,2020-03-17,24.16,1481300,27.73269998000004
1071,2020-03-18,16.98,2015000,27.64839998000004
1072,2020-03-19,20.43,1559500,27.60729997000004
1073,2020-03-20,18.610001,1163000,27.541299990000038
1074,2020-03-23,18.549999,639700,27.46639997000004
1075,2020-03-24,21.07,829800,27.41949997000004
1076,2020-03-25,23.83,2223500,27.361299970000037
1077,2020-03-26,26.66,1279800,27.339499970000034
1078,2020-03-27,26.49,1351800,27.31359997000003
1079,2020-03-30,26.549999,759900,27.28549995000003
1080,2020-03-31,25.389999,687800,27.24619994000003
1081,2020-04-01,22.639999,577500,27.17849993000003
1082,2020-04-02,21.959999,609500,27.09859991000003
1083,2020-04-03,21.77,1196100,27.070899900000033
1084,2020-04-06,23.32,1006100,27.05529991000003
1085,2020-04-07,24.5,1228900,27.04089990000003
1086,2020-04-08,25.860001,1323800,27.045699920000033
1087,2020-04-09,27.16,693600,27.061999910000033
1088,2020-04-13,26.200001,659800,27.07059992000003
1089,2020-04-14,26.4,621600,27.088599920000032
1090,2020-04-15,25.219998999999998,653200,27.093799900000032
1091,2020-04-16,25.459999,918800,27.106499880000033
1092,2020-04-17,27.290001,526500,27.13959989000003
1093,2020-04-20,26.290001,886800,27.16199991000003
1094,2020-04-21,25.67,418300,27.180199910000034
1095,2020-04-22,27.58,623800,27.219399910000035
1096,2020-04-23,28.52,945300,27.264399910000034
1097,2020-04-24,28.200001,547600,27.308799920000034
1098,2020-04-27,29.92,860800,27.374499920000034
1099,2020-04-28,30.6,430200,27.441799910000036
1100,2020-04-29,32.580002,709900,27.521299940000034
1101,2020-04-30,30.5,548400,27.579499940000037
1102,2020-05-01,28.65,620800,27.615999940000037
1103,2020-05-04,27.99,482300,27.644499950000036
1104,2020-05-05,28.98,780300,27.685699940000035
1105,2020-05-06,28.190001000000002,396100,27.715999950000036
1106,2020-05-07,30.08,712000,27.754699960000035
1107,2020-05-08,31.5,909000,27.806899950000034
1108,2020-05-11,30.700001,1030800,27.849199970000036
1109,2020-05-12,34.84,1806600,27.93369998000004
1110,2020-05-13,32.189999,872500,27.99699996000004
1111,2020-05-14,33.970001,595700,28.10489997000004
1112,2020-05-15,33.5,947600,28.206899980000046
1113,2020-05-18,37.09,834400,28.348099990000048
1114,2020-05-19,36.82,677500,28.488599990000047
1115,2020-05-20,38.049999,528100,28.637199970000047
1116,2020-05-21,37.799999,502200,28.782899960000044
1117,2020-05-22,37.91,323300,28.934399960000043
1118,2020-05-26,37.16,627000,29.07299997000004
1119,2020-05-27,37.66,755000,29.21609997000004
1120,2020-05-28,35.790001000000004,466200,29.344199980000038
1121,2020-05-29,38.18,700100,29.492799980000036
1122,2020-06-01,38.220001,907400,29.64089999000004
1123,2020-06-02,38.119999,483900,29.78409999000004
1124,2020-06-03,38.759997999999996,404900,29.930799970000038
1125,2020-06-04,39.139998999999996,488100,30.08219996000004
1126,2020-06-05,39.959998999999996,660300,30.23789996000004
1127,2020-06-08,40.110001000000004,490400,30.38899997000004
1128,2020-06-09,39.830002,353900,30.533599980000044
1129,2020-06-10,38.5,309200,30.659499980000046
1130,2020-06-11,35.130001,508000,30.746799990000046
1131,2020-06-12,36.779999,420500,30.848599980000046
1132,2020-06-15,37.110001000000004,441700,30.938699990000046
1133,2020-06-16,39.02,633000,31.038899990000047
1134,2020-06-17,38.299999,404500,31.131899980000043
1135,2020-06-18,40.080002,652200,31.239899990000044
1136,2020-06-19,38.73,1112700,31.328799990000043
1137,2020-06-22,41.84,619300,31.451600000000045
1138,2020-06-23,44.939999,1459300,31.602799990000044
1139,2020-06-24,43.740002000000004,923400,31.739400010000043
1140,2020-06-25,45.900002,896700,31.88020003000004
1141,2020-06-26,46.200001,2082800,31.999900040000043
1142,2020-06-29,48.0,963300,32.13780005000004
1143,2020-06-30,49.080002,630300,32.277100050000044
1144,2020-07-01,50.389998999999996,917700,32.435500050000044
1145,2020-07-02,49.529999,698900,32.59790003000005
1146,2020-07-06,51.189999,853400,32.77560004000005
1147,2020-07-07,50.450001,735200,32.94020003000005
1148,2020-07-08,50.459998999999996,464100,33.10960002000005
1149,2020-07-09,49.529999,411400,33.26540000000005
1150,2020-07-10,49.259997999999996,414500,33.41700000000005
1151,2020-07-13,48.450001,541700,33.54980003000005
1152,2020-07-14,49.75,613100,33.67640003000005
1153,2020-07-15,51.490002000000004,570000,33.82930004000005
1154,2020-07-16,50.560001,594400,33.971900060000046
1155,2020-07-17,51.509997999999996,397200,34.14030006000005
1156,2020-07-20,51.860001000000004,253000,34.31780006000005
1157,2020-07-21,50.970001,378200,34.488200070000055
1158,2020-07-22,53.009997999999996,459400,34.67670005000005
1159,2020-07-23,52.400002,629200,34.85840007000005
1160,2020-07-24,50.889998999999996,440600,35.03520007000005
1161,2020-07-27,52.41,359300,35.22400008000005
1162,2020-07-28,51.07,302000,35.401100070000055
1163,2020-07-29,51.77,299500,35.61710007000005
1164,2020-07-30,51.130001,342700,35.829800070000054
1165,2020-07-31,50.689999,426600,36.03230005000005
1166,2020-08-03,52.080002,409400,36.26810007000005
1167,2020-08-04,53.700001,532000,36.593000090000054
1168,2020-08-05,55.709998999999996,751800,36.86840008000006
1169,2020-08-06,55.189999,399600,37.16350007000006
1170,2020-08-07,52.720001,608500,37.449100080000065
1171,2020-08-10,51.439999,694300,37.793700070000064
1172,2020-08-11,50.279999,492300,38.09220006000007
1173,2020-08-12,51.130001,444400,38.41740006000006
1174,2020-08-13,52.380001,388400,38.75570008000007
1175,2020-08-14,52.290001000000004,281300,39.06790009000006
1176,2020-08-17,54.299999,496000,39.37260008000006
1177,2020-08-18,53.18,363200,39.63780008000006
1178,2020-08-19,52.119999,290100,39.894100070000064
1179,2020-08-20,52.169998,263400,40.15030006000006
1180,2020-08-21,52.970001,346300,40.42610008000006
1181,2020-08-24,53.740002000000004,354700,40.737100110000064
1182,2020-08-25,53.529999,278600,41.05280011000007
1183,2020-08-26,52.529999,393900,41.36040010000007
1184,2020-08-27,53.700001,375300,41.664200110000074
1185,2020-08-28,53.740002000000004,348800,41.956600130000076
1186,2020-08-31,52.060001,590400,42.21860013000008
1187,2020-09-01,55.02,751100,42.49720013000008
1188,2020-09-02,54.959998999999996,388300,42.78480011000008
1189,2020-09-03,52.330002,435600,43.04410013000008
1190,2020-09-04,50.689999,372100,43.29880013000008
1191,2020-09-08,48.939999,517000,43.53360013000009
1192,2020-09-09,50.509997999999996,314200,43.76580010000008
1193,2020-09-10,49.43,312200,43.99720009000008
1194,2020-09-11,49.560001,330500,44.23610010000007
1195,2020-09-14,50.450001,339900,44.46480011000008
1196,2020-09-15,49.740002000000004,348100,44.67700013000007
1197,2020-09-16,48.110001000000004,646000,44.87610013000007
1198,2020-09-17,49.209998999999996,423400,45.06900012000006
1199,2020-09-18,48.790001000000004,1149800,45.25090013000006
1200,2020-09-21,48.48,616100,45.40990011000006
1201,2020-09-22,49.580002,456200,45.60070013000006
1202,2020-09-23,48.380001,306900,45.79800014000007
1203,2020-09-24,48.400002,317700,46.002100160000076
1204,2020-09-25,49.419998,316800,46.20650014000008
1205,2020-09-28,49.990002000000004,428700,46.424500150000085
1206,2020-09-29,49.98,273900,46.62350015000008
1207,2020-09-30,50.610001000000004,449500,46.81460016000008
1208,2020-10-01,52.330002,465600,47.03090017000008
1209,2020-10-02,59.299999,1678500,47.27550016000007
1210,2020-10-05,61.509997999999996,1092400,47.568700150000076
1211,2020-10-06,60.709998999999996,610900,47.83610013000008
1212,2020-10-07,61.5,467600,48.11610013000008
1213,2020-10-08,63.880001,618700,48.38400014000008
1214,2020-10-09,63.34,472500,48.64920014000008
1215,2020-10-12,63.419998,419500,48.90290013000009
1216,2020-10-13,64.599998,346200,49.170900120000084
1217,2020-10-14,62.490002000000004,379300,49.41670014000008
1218,2020-10-15,62.169998,407100,49.66680012000009
1219,2020-10-16,61.049999,288600,49.90070011000009
1220,2020-10-19,59.799999,318100,50.140800090000084
1221,2020-10-20,60.41,503700,50.36310009000008
1222,2020-10-21,58.970001,429500,50.57060009000008
1223,2020-10-22,58.68,290900,50.77620010000009
1224,2020-10-23,59.779999,302200,50.98640011000008
1225,2020-10-26,57.75,272900,51.17250012000009
1226,2020-10-27,57.330002,351400,51.34620015000009
1227,2020-10-28,55.5,315700,51.500100140000086
1228,2020-10-29,56.080002,324800,51.66260014000009
1229,2020-10-30,53.32,677200,51.81080014000008
1230,2020-11-02,52.779999,495300,51.98730012000008
1231,2020-11-03,55.84,1023900,52.17790013000008
1232,2020-11-04,55.0,718400,52.35680012000008
1233,2020-11-05,54.099998,571400,52.507600100000076
1234,2020-11-06,55.529999,460700,52.679900100000076
1235,2020-11-09,54.369999,571800,52.82280007000008
1236,2020-11-10,54.630001,428900,52.981800080000085
1237,2020-11-11,55.759997999999996,342800,53.12100006000008
1238,2020-11-12,55.32,410400,53.22480007000007
1239,2020-11-13,54.130001,405000,53.32870006000008
1240,2020-11-16,53.779999,268500,53.40750003000008
1241,2020-11-17,52.810001,421500,53.47360003000008
1242,2020-11-18,52.189999,286600,53.51550002000008
1243,2020-11-19,54.459998999999996,487800,53.56929999000008
1244,2020-11-20,56.869999,774200,53.634099990000074
1245,2020-11-23,57.259997999999996,782100,53.71139998000008
1246,2020-11-24,55.669998,672600,53.75619997000008
1247,2020-11-25,56.959998999999996,305600,53.821299950000075
1248,2020-11-27,56.02,166500,53.87689996000008
1249,2020-11-30,53.560001,480600,53.91719998000008
1250,2020-12-01,53.790001000000004,676400,53.96250001000008
1251,2020-12-02,52.290001000000004,749900,54.00090001000008
1252,2020-12-03,53.77,612000,54.04110001000008
1253,2020-12-04,55.279999,414100,54.07899998000008
1254,2020-12-07,55.73,241200,54.13069997000008
1255,2020-12-08,56.810001,422800,54.18370000000008
1256,2020-12-09,57.790001000000004,884200,54.24300000000008
1257,2020-12-10,58.279999,401700,54.31609998000009
1258,2020-12-11,56.18,419600,54.3478000000001
