Date,Open,High,Low,Close,Adj Close,Volume
1/11/16,63.759998,64.470001,63.630001,64.220001,56.99007,12653800
1/12/16,64.379997,64.730003,63.43,63.619999,56.457623,12195900
1/13/16,63.73,63.73,61.830002,61.919998,54.949009,13725700
1/14/16,62,63.619999,61.82,63.060001,55.960667,12934900
1/15/16,61.549999,62.470001,61.259998,61.93,54.957886,15174400
1/19/16,62.25,62.799999,62.009998,62.560001,55.51696,13051300
1/20/16,61.799999,62.330002,60.200001,60.84,53.990601,17369100
1/21/16,60.98,62.790001,60.91,61.880001,54.913509,12089200
1/22/16,62.439999,63.259998,62.130001,62.689999,55.632324,9197500
1/25/16,62.779999,63.82,62.549999,63.450001,56.306763,12823400
1/26/16,63.360001,64.470001,63.259998,64,56.794834,9441200
1/27/16,64.099998,65.18,63.889999,63.950001,56.750477,10214300
1/28/16,64.029999,64.510002,63.43,64.220001,56.99007,11278300
1/29/16,64.75,66.529999,64.739998,66.360001,58.889149,16439100
2/1/16,65.910004,67.93,65.889999,67.5,59.90081,14728400
2/2/16,67.300003,67.839996,66.279999,66.860001,59.332867,13585900
2/3/16,67.309998,67.5,65.07,66.269997,58.80928,12315600
2/4/16,65.760002,66.550003,65.010002,66.419998,58.94239,12833400
2/5/16,66.860001,67.529999,65.879997,67,59.4571,14196500
2/8/16,66.5,67.150002,65.160004,66.900002,59.368362,20743600
2/9/16,65.489998,66.410004,64.68,65.809998,58.401058,14642400
2/10/16,66.190002,66.589996,65.650002,65.790001,58.38332,9709300
2/11/16,65.019997,65.760002,64.779999,65.32,57.966228,11186700
2/12/16,65.519997,66.25,64.870003,66.18,58.729424,9695500
2/16/16,66.610001,66.800003,65.5,65.900002,58.480934,11360500
2/17/16,66.099998,66.610001,65.809998,66.110001,58.667301,12426700
2/18/16,63.740002,64.779999,62.349998,64.120003,56.901337,27894600
2/19/16,63.889999,64.769997,63.439999,64.660004,57.380539,15562300
2/22/16,64.660004,66.139999,64.660004,65.629997,58.241329,10587300
2/23/16,65.839996,66.599998,65.279999,66.480003,58.995636,11432000
2/24/16,66.190002,67.330002,65.720001,67.120003,59.563583,10291200
2/25/16,67.449997,68.129997,67.330002,68.040001,60.380024,9581300
2/26/16,68.080002,68.199997,66.300003,66.510002,59.022255,10984300
2/29/16,66.629997,66.949997,66.220001,66.339996,58.871403,9345200
3/1/16,66.650002,66.889999,66,66.459999,58.97789,10429500
3/2/16,66.209999,66.669998,66,66.209999,58.75605,9165600
3/3/16,65.949997,66.199997,64.879997,66.139999,58.693913,11846800
3/4/16,66.139999,67.279999,66.089996,66.779999,59.261875,10010500
3/7/16,66.620003,68.480003,66.269997,67.889999,60.246906,12825400
3/8/16,67.730003,68.470001,67.489998,68.040001,60.380024,10067900
3/9/16,67.790001,67.989998,67.120003,67.529999,60.371067,7824800
3/10/16,67.550003,68.040001,66.400002,67.410004,60.263805,10225800
3/11/16,67.769997,67.940002,66.800003,67.169998,60.049248,8290900
3/14/16,67.150002,67.669998,66.959999,67.360001,60.219101,6712500
3/15/16,67,68.349998,67,68.089996,60.8717,7566900
3/16/16,67.940002,68.339996,67.25,67.989998,60.782307,8218000
3/17/16,67.82,68.919998,67.260002,67.449997,60.299545,11838100
3/18/16,67.480003,68.029999,66.75,66.949997,59.852551,23153100
3/21/16,67.029999,68.379997,66.970001,67.970001,60.764442,9415800
3/22/16,68,68.68,67.790001,67.870003,60.675026,7514500
3/23/16,68.010002,68.099998,67.440002,67.459999,60.308498,6110600
3/24/16,67.43,68.040001,67.379997,68,60.791237,6304700
3/28/16,67.93,68.580002,67.93,68.120003,60.898537,5603500
3/29/16,68.150002,68.209999,67.43,68.029999,60.818077,6491000
3/30/16,68.330002,69,68.290001,68.800003,61.506435,7208500
3/31/16,68.75,69.190002,68.470001,68.489998,61.229309,6283500
4/1/16,68.019997,69.199997,68.019997,69.059998,61.738873,6602400
4/4/16,69,69.370003,68.919998,69.099998,61.774643,6823400
4/5/16,69.029999,69.25,68.269997,68.639999,61.363384,5779000
4/6/16,68.699997,69.059998,68.519997,69.040001,61.720989,5362700
4/7/16,68.830002,68.93,67.940002,68.220001,60.987938,6110500
4/8/16,68.309998,68.389999,67.860001,68.059998,60.844883,6516000
4/11/16,68.010002,68.370003,67.379997,67.400002,60.254856,7865400
4/12/16,67.57,68.870003,67.449997,68.800003,61.506435,7734600
4/13/16,69.010002,69.419998,68.870003,69.150002,61.819324,6262700
4/14/16,69.150002,69.239998,68.150002,68.800003,61.506435,6977100
4/15/16,68.940002,69.410004,68.940002,69.059998,61.738873,7584500
4/18/16,69.050003,69.900002,68.849998,69.860001,62.454067,6622900
4/19/16,69.790001,70.080002,69.5,69.769997,62.373604,8199400
4/20/16,69.760002,69.989998,69.129997,69.209999,61.872963,5412500
4/21/16,69.470001,69.68,68.239998,68.470001,61.211411,6617600
4/22/16,68.82,68.940002,68.279999,68.720001,61.434917,6215100
4/25/16,68.550003,69.5,68.059998,69.470001,62.105404,5896200
4/26/16,69.699997,69.889999,69.099998,69.300003,61.95343,6648400
4/27/16,69.489998,69.779999,68.989998,69.419998,62.060696,5147300
4/28/16,69.07,69.620003,68.75,68.910004,61.604778,4776900
4/29/16,68.730003,68.82,66.360001,66.870003,59.781044,12099000
5/2/16,66.620003,67.699997,66.529999,67.589996,60.424709,7609700
5/3/16,66.860001,67.5,66.75,67,59.89727,5922600
5/4/16,66.849998,67.489998,66.440002,67.190002,60.067123,6029500
5/5/16,66.970001,67.25,66.580002,67.209999,60.084991,8091000
5/6/16,66.910004,68.260002,66.800003,68.25,61.014748,9825400
5/9/16,68.25,69.099998,68.160004,68.949997,61.640526,8656200
5/10/16,68.919998,69.129997,68.449997,68.790001,61.497501,6402900
5/11/16,67.470001,67.5,65.610001,66.410004,59.804501,14597500
5/12/16,66.550003,67.050003,66.379997,66.849998,60.200733,9533500
5/13/16,66.480003,66.550003,64.650002,64.940002,58.480709,13744700
5/16/16,64.860001,66.349998,64.68,66.019997,59.453281,10181800
5/17/16,66.059998,66.269997,64.879997,65.099998,58.624798,9252700
5/18/16,63.02,63.779999,62.720001,63.150002,56.868748,22255900
5/19/16,68.099998,69.330002,67.5,69.199997,62.316971,35076700
5/20/16,69.330002,70.139999,68.849998,69.860001,62.911339,16746600
5/23/16,69.599998,70.059998,69.440002,69.5,62.587135,10099800
5/24/16,69.650002,70.419998,69.550003,70.239998,63.253525,8828000
5/25/16,70.25,71,70.239998,70.480003,63.469658,7263900
5/26/16,70.690002,71.379997,70.599998,70.849998,63.802868,8693900
5/27/16,70.860001,70.889999,70.489998,70.75,63.712811,5773700
5/31/16,70.580002,71,70.480003,70.779999,63.73983,8390200
6/1/16,70.5,70.910004,70.410004,70.5,63.48769,7220900
6/2/16,70.5,71,70.150002,70.949997,63.89291,6508700
6/3/16,70.57,71.050003,70.519997,70.870003,63.820892,6374500
6/6/16,71.519997,71.550003,71,71.050003,63.982983,9018000
6/7/16,71.099998,71.309998,70.849998,71.029999,63.964958,7363400
6/8/16,70.849998,71.449997,70.800003,71.279999,64.190102,6139000
6/9/16,71.360001,71.589996,70.849998,71.089996,64.018997,6069900
6/10/16,71,71.410004,70.68,71.139999,64.064011,7511400
6/13/16,71,71.18,70.489998,70.529999,63.514702,7907600
6/14/16,70.660004,71.169998,70.199997,70.949997,63.89291,9066400
6/15/16,71.199997,71.610001,71,71.120003,64.046021,8017000
6/16/16,71,71.459999,70.800003,71.300003,64.208122,6705200
6/17/16,71.050003,71.309998,70.400002,70.949997,63.89291,18059300
6/20/16,71.309998,71.779999,71.050003,71.099998,64.028008,7142500
6/21/16,70.949997,71.720001,70.949997,71.459999,64.35218,6674800
6/22/16,71.599998,72.25,71.57,71.75,64.61335,8457500
6/23/16,72.199997,72.239998,71.790001,72.099998,64.928543,6970200
6/24/16,70.550003,72.720001,70.510002,71.959999,64.802467,15120400
6/27/16,71.639999,71.769997,70.879997,71.5,64.388206,11303400
6/28/16,71.760002,71.870003,70.669998,71.510002,64.397224,8561200
6/29/16,71.629997,72.489998,71.559998,72.459999,65.252739,7014700
6/30/16,72.57,73.190002,72.32,73.019997,65.757034,8713600
7/1/16,73.129997,73.169998,72.419998,72.809998,65.567909,7638800
7/5/16,72.75,73.620003,72.68,73.139999,65.865112,10748600
7/6/16,73.260002,73.980003,73.169998,73.82,66.477455,11062700
7/7/16,73.730003,73.93,73.150002,73.529999,66.216301,7792800
7/8/16,73.82,73.849998,73.239998,73.839996,66.495461,9127600
7/11/16,73.669998,74.349998,73.5,74.059998,66.693581,9040100
7/12/16,73.559998,73.730003,73,73.269997,65.982162,12361200
7/13/16,73.25,73.629997,72.940002,73.620003,66.297363,6399000
7/14/16,73.790001,74.110001,73.610001,73.699997,66.369392,6646400
7/15/16,73.980003,74.010002,73.440002,73.669998,66.342384,5994800
7/18/16,73.639999,74.18,73.529999,73.839996,66.495461,5457300
7/19/16,73.639999,73.959999,73.580002,73.660004,66.333389,4798100
7/20/16,73.879997,74.110001,73.629997,73.790001,66.450455,5282000
7/21/16,73.43,73.660004,73.139999,73.519997,66.207275,4391900
7/22/16,73.760002,73.910004,73.419998,73.550003,66.234322,4316600
7/25/16,73.550003,73.830002,73.410004,73.75,66.414421,4734000
7/26/16,73.709999,74.07,73.410004,73.730003,66.396416,5248300
7/27/16,73.660004,73.82,73.139999,73.32,66.027184,5777900
7/28/16,73.139999,73.32,72.470001,73.239998,65.955139,4603200
7/29/16,73.169998,73.25,72.760002,72.970001,65.712013,6302200
8/1/16,72.809998,73.989998,72.809998,73.779999,66.441437,5868400
8/2/16,73.699997,73.720001,72.629997,73.129997,65.856087,6513100
8/3/16,73,73.400002,72.510002,72.940002,65.684982,6568100
8/4/16,72.800003,73.489998,72.589996,73.300003,66.009171,4944900
8/5/16,73.459999,73.949997,73.459999,73.760002,66.423416,5415400
8/8/16,74,74.07,73.040001,73.339996,66.045204,6577200
8/9/16,73.360001,73.879997,73.080002,73.540001,66.225311,6427900
8/10/16,73.57,74.510002,73.389999,73.949997,67.0504,8052300
8/11/16,74.5,74.800003,73.529999,73.800003,66.914413,6290300
8/12/16,73.800003,74.120003,73.559998,73.889999,66.996002,9994200
8/15/16,73.809998,74.010002,73.110001,73.32,66.479179,9636100
8/16/16,72.589996,73.309998,72.209999,72.889999,66.089302,9763300
8/17/16,71.989998,72.949997,71.989998,72.93,66.125549,14343300
8/18/16,72.93,75.190002,72.93,74.300003,67.367744,26858300
8/19/16,74.099998,74.290001,72.669998,72.809998,66.016754,15346400
8/22/16,73.059998,73.139999,72.449997,72.699997,65.917038,10312100
8/23/16,72.889999,73.07,71.959999,71.970001,65.255142,9391400
8/24/16,71.970001,72.75,71.760002,72.230003,65.490891,10050700
8/25/16,72.370003,72.580002,71.050003,71.220001,64.575111,10514200
8/26/16,71.410004,71.690002,70.889999,71.139999,64.502571,10038500
8/29/16,71.139999,71.660004,71.099998,71.400002,64.738319,7468100
8/30/16,71.400002,71.760002,71.150002,71.309998,64.656708,5774200
8/31/16,71.459999,71.639999,71.150002,71.440002,64.774574,6311600
9/1/16,71.57,72.860001,71.410004,72.839996,66.043968,11761400
9/2/16,72.989998,73.190002,72.419998,72.5,65.735703,8082900
9/6/16,72.760002,73.080002,72.199997,73,66.189034,9570900
9/7/16,73,73.050003,72.010002,72.059998,65.336731,9618300
9/8/16,71.889999,72.32,71.709999,71.830002,65.128204,9661200
9/9/16,71.32,71.510002,70.300003,70.300003,63.740948,12172600
9/12/16,70.790001,72.239998,70.720001,71.940002,65.227951,10864000
9/13/16,71.839996,71.910004,71.150002,71.459999,64.792717,7507900
9/14/16,71.620003,72.059998,71.400002,71.519997,64.847122,6980500
9/15/16,71.480003,72.559998,71.260002,72.400002,65.64502,7295600
9/16/16,72.32,72.959999,72.220001,72.870003,66.071159,13935700
9/19/16,72.639999,72.870003,72.089996,72.089996,65.36393,6920700
9/20/16,72.150002,72.550003,71.900002,71.970001,65.255142,5910600
9/21/16,72.18,72.540001,71.510002,72.190002,65.454628,6675900
9/22/16,72.43,72.540001,71.989998,72.269997,65.527122,5871900
9/23/16,72.599998,72.769997,72.339996,72.349998,65.599678,7696400
9/26/16,72.309998,72.330002,71.519997,71.620003,64.93779,5948700
9/27/16,71.93,72.489998,71.580002,72.330002,65.581528,6344400
9/28/16,72.220001,72.32,71.379997,71.790001,65.091927,6184900
9/29/16,71.57,71.709999,70.620003,70.730003,64.130836,7996800
9/30/16,71.5,72.459999,71.400002,72.120003,65.391159,9982600
10/3/16,71.830002,72.150002,71.599998,72.010002,65.291405,5857700
10/4/16,72,72.57,71.550003,71.75,65.055664,6569300
10/5/16,71.870003,72.269997,71.599998,71.669998,64.983116,6464400
10/6/16,71.669998,71.669998,68.889999,69.360001,62.888641,20110300
10/7/16,69.260002,69.470001,68.169998,68.699997,62.290218,12653800
10/10/16,68.75,68.959999,67.75,67.980003,61.637421,8988400
10/11/16,67.949997,67.959999,67.300003,67.389999,61.102444,8591500
10/12/16,67.739998,67.910004,67.370003,67.459999,61.165928,8940700
10/13/16,67.190002,68.540001,67.07,68.230003,61.864082,9193800
10/14/16,68.419998,68.809998,68.209999,68.449997,62.063557,6416000
10/17/16,68.650002,68.650002,67.800003,68.220001,61.855026,7493400
10/18/16,68.57,68.980003,68.230003,68.870003,62.444382,7857700
10/19/16,69.220001,69.339996,68.690002,68.889999,62.462505,7123300
10/20/16,68.980003,69.080002,68.57,68.730003,62.317436,6294000
10/21/16,68.339996,68.629997,67.989998,68.339996,61.963802,7844600
10/24/16,68.620003,69.370003,68.389999,69.190002,62.734516,7163600
10/25/16,69.010002,69.870003,69,69.360001,62.888641,7629700
10/26/16,69.300003,69.809998,69.139999,69.589996,63.097195,5050500
10/27/16,69.599998,70,69.389999,69.830002,63.314804,7131600
10/28/16,69.800003,70.209999,69.730003,69.989998,63.459877,6952900
10/31/16,70.059998,70.169998,69.849998,70.019997,63.487053,6389000
11/1/16,69.980003,70.059998,69.139999,69.300003,62.834248,8838600
11/2/16,69.199997,69.970001,69.199997,69.449997,62.970264,7645300
11/3/16,69.629997,70.080002,69.349998,69.629997,63.133442,6803900
11/4/16,69.709999,69.940002,69.129997,69.160004,62.707314,7262100
11/7/16,69.620003,69.839996,69.160004,69.779999,63.269466,9755400
11/8/16,69.709999,70.040001,69.470001,69.790001,63.278534,7621300
11/9/16,69.300003,71.5,69.290001,71.099998,64.466316,16779500
11/10/16,71.25,72.089996,71,71.389999,64.729256,14321300
11/11/16,71.110001,71.279999,70.599998,71.230003,64.584167,8223900
11/14/16,71.160004,71.309998,70.190002,70.489998,63.913223,12917500
11/15/16,70.790001,71.419998,70.349998,71.419998,64.756462,9725100
11/16/16,71.75,72.059998,71.330002,71.389999,64.729256,11192400
11/17/16,69.080002,69.519997,68.120003,69.190002,62.734516,23440300
11/18/16,68.93,69.400002,68.440002,68.540001,62.145172,11135300
11/21/16,68.540001,69.400002,68.419998,69.370003,62.897724,8356000
11/22/16,69.730003,70.419998,69.730003,70.120003,63.577751,10984000
11/23/16,70.220001,70.889999,70.18,70.830002,64.221512,7398900
11/25/16,71.110001,71.650002,70.980003,71.230003,64.584167,4234400
11/28/16,70.93,71.519997,70.800003,71.190002,64.547913,7099200
11/29/16,71.379997,71.790001,71.199997,71.370003,64.711121,7310100
11/30/16,70.919998,71.160004,70.169998,70.43,63.858822,9326100
12/1/16,70.25,70.730003,70.050003,70.669998,64.076439,6849800
12/2/16,70.580002,70.949997,70.449997,70.879997,64.266846,6674200
12/5/16,70.900002,70.989998,69.809998,69.940002,63.414547,10527900
12/6/16,70.010002,70.389999,69.5,70.360001,63.795349,7778000
12/7/16,69.93,70.650002,69.900002,70.599998,64.471107,6966200
12/8/16,70.480003,70.900002,70.32,70.339996,64.233696,6844200
12/9/16,70.269997,70.43,69.739998,70.080002,63.996254,10756700
12/12/16,70.07,71.779999,70.019997,71.669998,65.448212,9084100
12/13/16,71.669998,72.230003,71.610001,71.800003,65.566925,8887500
12/14/16,71.900002,72.480003,71.18,71.339996,65.146866,8669400
12/15/16,71.220001,71.800003,71.029999,71.080002,64.909454,7136300
12/16/16,71.07,71.639999,70.599998,70.980003,64.818123,17844800
12/19/16,70.839996,71.75,70.839996,71.580002,65.366035,5889300
12/20/16,71.730003,71.93,71.510002,71.82,65.58519,6108100
12/21/16,71.660004,72,71.239998,71.239998,65.05555,5101000
12/22/16,71.239998,71.239998,69.209999,69.589996,63.54879,12106800
12/23/16,69.43,69.75,69.360001,69.540001,63.503128,4803900
12/27/16,69.300003,69.82,69.25,69.699997,63.649246,4435700
12/28/16,69.940002,70,69.260002,69.309998,63.293098,4875700
12/29/16,69.209999,69.519997,69.120003,69.260002,63.247444,4298400
12/30/16,69.120003,69.43,68.830002,69.120003,63.119591,6889500
1/3/17,69.239998,69.239998,68.050003,68.660004,62.699516,10473200
1/4/17,68.660004,69.629997,68.599998,69.059998,63.0648,7918000
1/5/17,68.43,69.330002,68.120003,69.209999,63.201767,7099200
1/6/17,68.410004,68.5,68.010002,68.260002,62.33424,9491100
1/9/17,68.330002,68.800003,68.32,68.709999,62.745178,8685200
1/10/17,68.639999,69.269997,68.220001,68.230003,62.306854,10256500
1/11/17,68.199997,68.620003,68.190002,68.529999,62.580807,6697600
1/12/17,68.360001,68.559998,67.919998,67.970001,62.069435,6544900
1/13/17,67.980003,68.019997,67.080002,67.129997,61.302361,10012500
1/17/17,68.099998,69.290001,68.059998,68.419998,62.480358,13167500
1/18/17,67.879997,68.110001,67.540001,68.110001,62.197269,7321500
1/19/17,68.129997,68.190002,67.480003,67.620003,61.749821,6821100
1/20/17,67.739998,67.830002,67.019997,67.18,61.348007,12054700
1/23/17,67.010002,67.18,66.559998,66.650002,60.86401,7951400
1/24/17,66.889999,67.410004,66.660004,67.400002,61.548912,10710600
1/25/17,67.519997,67.730003,66.790001,66.889999,61.083183,8722900
1/26/17,67.129997,67.220001,66.620003,66.730003,60.93708,6504100
1/27/17,66.860001,66.970001,65.279999,65.660004,59.959965,13433600
1/30/17,65.629997,66.480003,65.629997,66.419998,60.65398,8641500
1/31/17,66.209999,66.889999,65.879997,66.739998,60.946186,9320900
2/1/17,66.459999,66.709999,66.040001,66.230003,60.480476,9050000
2/2/17,66.339996,67.139999,66.339996,66.699997,60.909664,8998700
2/3/17,66.82,66.93,66.440002,66.5,60.727036,7625300
2/6/17,66.370003,66.860001,66.370003,66.400002,60.635719,9097200
2/7/17,66.559998,67,66.510002,66.889999,61.083183,5805700
2/8/17,66.889999,67.82,66.889999,67.809998,61.923306,7660800
2/9/17,67.809998,69.139999,67.75,69.080002,63.083065,11080500
2/10/17,68.25,68.599998,67.760002,68.019997,62.115086,12445600
2/13/17,68.32,68.650002,67.559998,67.769997,61.886784,8374300
2/14/17,67.879997,68.68,67.709999,68.660004,62.699516,8462300
2/15/17,67.800003,68.709999,67.760002,68.690002,62.726929,8563300
2/16/17,68.669998,69.239998,68.610001,68.870003,62.891308,8413800
2/17/17,68.830002,69.790001,68.690002,69.370003,63.347897,12837400
2/21/17,71.209999,72.279999,70.699997,71.449997,65.247314,22412900
2/22/17,72.25,72.370003,71.480003,71.709999,65.484756,15242700
2/23/17,72,72.5,71.160004,71.309998,65.119469,12799700
2/24/17,71.339996,72.800003,71.300003,72.389999,66.105713,13889900
2/27/17,72.279999,72.419998,71.529999,71.739998,65.512146,9254700
2/28/17,70.870003,71,70,70.93,64.772476,15952600
3/1/17,70.970001,71.080002,70.150002,70.449997,64.334129,13522700
3/2/17,70.419998,70.900002,70.169998,70.760002,64.617241,8916300
3/3/17,70.760002,71.019997,69.879997,70.029999,63.950581,9297900
3/6/17,70,70.440002,69.779999,69.879997,63.813618,9182600
3/7/17,69.900002,70.209999,69.860001,69.870003,63.804485,7282900
3/8/17,69.690002,70.029999,69.540001,69.800003,64.209236,7979800
3/9/17,69.75,70.040001,69.559998,69.860001,64.264435,7564500
3/10/17,70,70.360001,69.800003,70.099998,64.485199,7098800
3/13/17,69.989998,70.449997,69.709999,69.949997,64.347244,6802500
3/14/17,70.82,71.209999,70.720001,70.720001,65.055542,9958400
3/15/17,70.5,70.699997,70.019997,70.580002,64.926765,8813800
3/16/17,70.110001,70.699997,70.07,70.440002,64.797981,7061000
3/17/17,70.580002,70.75,69.809998,69.889999,64.29203,14078400
3/20/17,70.139999,70.449997,69.709999,69.980003,64.374825,7466200
3/21/17,70.169998,70.400002,69.690002,69.900002,64.301224,8746800
3/22/17,70.029999,70.339996,69.720001,70.25,64.623192,6455600
3/23/17,70.199997,70.309998,69.75,69.860001,64.264435,6898800
3/24/17,69.989998,70.169998,69.529999,69.610001,64.034454,5859000
3/27/17,69.519997,70.07,69.360001,69.660004,64.080467,5792600
3/28/17,69.330002,70.370003,69.330002,70.32,64.687584,7252200
3/29/17,70.349998,71.18,70.309998,70.739998,65.073959,6991000
3/30/17,70.690002,71.720001,70.639999,71.589996,65.85585,8141500
3/31/17,71.32,72.559998,71.230003,72.080002,66.306618,9939800
4/3/17,72.080002,72.529999,71.779999,71.830002,66.076645,8291300
4/4/17,71.739998,72.059998,71.529999,72.010002,66.242233,5567300
4/5/17,71.639999,72.309998,71.559998,71.650002,65.911064,6354500
4/6/17,71.699997,72.099998,71.379997,71.43,65.708679,5941100
4/7/17,72.099998,72.989998,71.800003,72.900002,67.060928,10768000
4/10/17,72.989998,73.480003,72.730003,73.059998,67.208115,7495900
4/11/17,73,73.449997,72.93,73.43,67.548477,5810500
4/12/17,73.550003,73.830002,73.25,73.440002,67.557693,6627300
4/13/17,73.370003,73.660004,73.150002,73.150002,67.290916,5336400
4/17/17,73.160004,73.580002,73.150002,73.489998,67.603676,5465400
4/18/17,73.540001,74.099998,73.480003,73.889999,67.971634,6627900
4/19/17,74.099998,74.379997,73.860001,74.07,68.13723,5940600
4/20/17,74.139999,75.110001,74.110001,74.800003,68.808762,7681300
4/21/17,74.739998,75.110001,74.599998,74.940002,68.937538,5755700
4/24/17,75.080002,75.400002,74.419998,74.779999,68.790359,7812500
4/25/17,74.970001,75.169998,74.860001,75.050003,69.038734,5720400
4/26/17,75.269997,75.769997,75.169998,75.43,69.388283,6948500
4/27/17,75.540001,75.699997,75.019997,75.440002,69.397491,6052200
4/28/17,75.239998,75.440002,74.93,75.18,69.158318,7330400
5/1/17,75.089996,75.720001,75.089996,75.230003,69.204323,6165900
5/2/17,75.300003,75.709999,75.25,75.519997,69.471077,7318400
5/3/17,75.400002,75.879997,75.18,75.760002,69.691856,5523600
5/4/17,75.93,76.400002,75.830002,76.339996,70.225403,5500800
5/5/17,76.419998,76.599998,76.18,76.5,70.372589,5597800
5/8/17,76.5,76.519997,76.07,76.120003,70.023026,6512200
5/9/17,76.440002,77.050003,76.330002,76.720001,70.574982,8255300
5/10/17,76.330002,76.779999,76.190002,76.699997,71.02874,7511900
5/11/17,76.349998,76.720001,75.93,76.129997,70.500885,8349400
5/12/17,75.949997,76.25,75.370003,75.709999,70.111931,5892900
5/15/17,75.800003,76.470001,75.800003,76.290001,70.649033,8843900
5/16/17,76.190002,76.269997,75.080002,75.110001,69.556305,8371800
5/17/17,75.110001,75.730003,74.959999,75.120003,69.565575,10971000
5/18/17,76.889999,77.660004,76.129997,77.540001,71.806641,19166800
5/19/17,77.970001,79.440002,77.769997,78.769997,72.945679,18581700
5/22/17,78.650002,79,78.300003,78.550003,72.741959,8897600
5/23/17,78.580002,78.970001,78.440002,78.489998,72.686378,7584900
5/24/17,78.559998,78.610001,78.139999,78.150002,72.371521,7427000
5/25/17,78.360001,78.849998,78.150002,78.309998,72.519699,6135000
5/26/17,78.370003,78.540001,77.790001,78.129997,72.353004,6125800
5/30/17,78,78.400002,77.93,78.150002,72.371521,5410400
5/31/17,78.349998,78.919998,78.220001,78.599998,72.788246,8201700
6/1/17,78.639999,79.809998,78.599998,79.809998,73.908783,8153100
6/2/17,79.800003,79.93,79.220001,79.620003,73.732826,7996500
6/5/17,79.599998,80.470001,79.480003,80.260002,74.325516,10145700
6/6/17,79.43,79.559998,78.260002,78.93,73.093842,11525900
6/7/17,79.080002,79.5,78.730003,79.150002,73.297577,8511200
6/8/17,79.150002,80.129997,78.230003,78.93,73.093842,10933000
6/9/17,79.029999,79.559998,78.720001,79.419998,73.547607,9405100
6/12/17,79.400002,80.370003,78.839996,79.239998,73.38092,10410600
6/13/17,79.209999,79.57,78.889999,79.519997,73.640221,5528000
6/14/17,79.519997,80.040001,79.260002,79.900002,73.992126,5006500
6/15/17,79.18,79.300003,77.760002,78.910004,73.075333,11297200
6/16/17,73.949997,75.5,73.290001,75.239998,69.676674,56233000
6/19/17,75.379997,76.010002,74.519997,75.5,69.917465,16095100
6/20/17,75.879997,75.919998,75.32,75.540001,69.954514,10019200
6/21/17,75.599998,76.610001,75.580002,76.239998,70.602776,9011400
6/22/17,76.029999,76.059998,75.300003,75.519997,69.935974,8111300
6/23/17,75.599998,75.779999,74.550003,74.839996,69.306252,13080300
6/26/17,74.949997,75.93,74.919998,75.5,69.917465,8587500
6/27/17,75.5,76.370003,75.449997,76.010002,70.389748,6454400
6/28/17,76.25,76.800003,76.139999,76.510002,70.852791,6988900
6/29/17,76.25,76.32,75.489998,75.93,70.315681,7063500
6/30/17,76.080002,76.269997,75.669998,75.68,70.084152,6963300
7/3/17,75.839996,76.339996,75.080002,75.360001,69.787827,4848600
7/5/17,75.550003,75.949997,75.169998,75.32,69.750771,6036900
7/6/17,75.349998,75.970001,75.239998,75.470001,69.889679,6161800
7/7/17,75.650002,75.82,75.050003,75.330002,69.760033,5307100
7/10/17,75.150002,75.309998,73.129997,73.230003,67.815308,15066700
7/11/17,73.379997,74.050003,73.330002,73.470001,68.037575,7532600
7/12/17,73.660004,74.209999,73.660004,73.940002,68.472824,5700200
7/13/17,74.669998,75.25,74.510002,75.050003,69.500732,8160500
7/14/17,76.269997,76.559998,75.910004,76.339996,70.695351,9151900
7/17/17,76.290001,76.870003,76.190002,76.370003,70.723122,8835600
7/18/17,76.25,76.540001,76,76.199997,70.565697,4314900
7/19/17,76.080002,76.220001,75.599998,75.870003,70.260094,5313600
7/20/17,75.980003,76.25,75.699997,76.019997,70.39901,4965400
7/21/17,75.839996,76.230003,75.550003,76.150002,70.519417,7153300
7/24/17,76.029999,77.160004,76.029999,76.889999,71.204697,7388000
7/25/17,77.610001,78.860001,77.389999,78.519997,72.714157,11504000
7/26/17,78.550003,79.169998,77.940002,78.900002,73.066078,6716100
7/27/17,78.720001,79.860001,78.480003,79.779999,73.881004,8052500
7/28/17,79.800003,79.959999,79.540001,79.809998,73.908783,4975200
7/31/17,79.82,80.339996,79.690002,79.989998,74.07547,6263200
8/1/17,80.25,80.730003,80,80.5,74.547768,5726500
8/2/17,80.339996,81.110001,80.300003,80.529999,74.575539,8673000
8/3/17,81.339996,81.760002,80.669998,80.870003,74.890404,9946900
8/4/17,81.059998,81.400002,80.209999,80.480003,74.529236,7141800
8/7/17,80.57,81.449997,80.540001,81.279999,75.270096,5484500
8/8/17,81.169998,81.860001,80.900002,81.589996,75.557167,7381400
8/9/17,81.110001,81.989998,80.900002,81.610001,76.051071,6606500
8/10/17,81.07,81.400002,80.550003,80.660004,75.165779,8045000
8/11/17,80.730003,81.25,80.360001,80.400002,74.923477,7905500
8/14/17,80.589996,81.239998,80.5,80.699997,75.203056,7792000
8/15/17,80.830002,81.400002,80.540001,80.769997,75.26828,7066100
8/16/17,81.269997,81.440002,80.540001,80.980003,75.463982,11536000
8/17/17,78.849998,79.809998,78.330002,79.699997,74.271141,17293700
8/18/17,79.620003,80.349998,79.279999,79.309998,73.907738,9753000
8/21/17,79.120003,80.07,78.790001,79.709999,74.280472,9613900
8/22/17,79.800003,80.160004,79.709999,80.019997,74.569374,6546100
8/23/17,80.349998,80.559998,79.879997,79.959999,74.513451,7799300
8/24/17,80.610001,80.879997,77.849998,78.339996,73.003792,19128000
8/25/17,78.5,79.089996,78.480003,78.629997,73.274048,9902200
8/28/17,78.410004,78.459999,77.860001,78.029999,72.714905,8621500
8/29/17,77.669998,78.980003,77.5,78.769997,73.404518,7665200
8/30/17,78.82,79.099998,78.519997,78.540001,73.19017,5829800
8/31/17,78.599998,78.75,78.059998,78.07,72.75219,8194800
9/1/17,78.309998,78.5,78.209999,78.370003,73.031761,6474400
9/5/17,77.949997,79.889999,77.900002,79.800003,74.364365,12068500
9/6/17,79.879997,80.400002,79.720001,80.080002,74.62529,8426100
9/7/17,80.32,80.760002,80,80.120003,74.662552,6820800
9/8/17,79.739998,79.879997,77.730003,78.879997,73.507011,9999600
9/11/17,79.150002,79.349998,78.660004,79.080002,73.693405,7000200
9/12/17,79.300003,79.910004,79.169998,79.610001,74.187294,6005000
9/13/17,79.610001,80.68,79.589996,79.860001,74.42028,8823700
9/14/17,79.790001,79.82,79.220001,79.68,74.252533,6939300
9/15/17,79.809998,80.75,79.269997,80.379997,74.904831,13317800
9/18/17,80.209999,81.120003,79.949997,80,74.550728,8176100
9/19/17,80.18,80.459999,79.699997,80.050003,74.597336,6174400
9/20/17,80.169998,80.559998,79.870003,80.5,75.016678,5318200
9/21/17,80.57,80.57,79.720001,80.010002,74.560036,6430300
9/22/17,79.889999,80.080002,79.25,79.529999,74.112732,5755300
9/25/17,78.919998,80.099998,78.860001,79.150002,73.758621,8547800
9/26/17,79.040001,79.540001,78.919998,79.389999,73.982285,5835300
9/27/17,79.419998,79.57,78.669998,79.290001,73.889091,6314600
9/28/17,79,79.080002,78.120003,78.949997,73.572243,12372800
9/29/17,78.849998,79,77.980003,78.139999,72.817429,10353400
10/2/17,77.900002,78.830002,77.5,78.449997,73.106308,7709200
10/3/17,78.830002,79.660004,78.75,79.220001,73.823845,7936700
10/4/17,79.269997,79.779999,79.07,79.089996,73.702721,6173400
10/5/17,79.169998,79.809998,79.080002,79.410004,74.000916,5138700
10/6/17,78.779999,79.169998,78.25,79,73.618843,6246700
10/9/17,79.5,81.379997,79.400002,80.529999,75.044632,13493000
10/10/17,82.68,84.879997,82.610001,84.129997,78.399414,25124000
10/11/17,84.580002,86.290001,84.099998,85.730003,79.890411,18561000
10/12/17,85.699997,86.370003,85.059998,86.099998,80.235229,12877000
10/13/17,86.239998,86.949997,86.239998,86.620003,80.719795,9389000
10/16/17,86.580002,86.620003,85.019997,85.739998,79.899742,9300300
10/17/17,85.5,86.360001,85.32,85.980003,80.123398,5851500
10/18/17,86.150002,86.370003,86.010002,86.220001,80.347054,5472100
10/19/17,86.150002,86.660004,85.769997,86.400002,80.514793,7029000
10/20/17,86.599998,87.449997,86.279999,87.440002,81.483955,7617800
10/23/17,87.339996,88.919998,87.260002,88.650002,82.611534,10586000
10/24/17,88.690002,88.800003,87.910004,87.980003,81.98716,7700900
10/25/17,87.849998,88.599998,87.43,88.480003,82.45311,6408000
10/26/17,88.660004,89.110001,88.019997,88.620003,82.583572,6484900
10/27/17,88.139999,88.389999,87.150002,88.169998,82.164223,6617000
10/30/17,87.940002,87.949997,86.389999,86.949997,81.027328,7052000
10/31/17,86.860001,87.459999,86.599998,87.309998,81.362793,6006900
11/1/17,87.07,88.400002,87,87.940002,81.949905,6176100
11/2/17,88.279999,89.169998,87.800003,88.800003,82.75132,5183100
11/3/17,89.019997,89.879997,88.760002,89.68,83.571365,6512100
11/6/17,89.419998,89.68,88.68,88.699997,82.658119,5257400
11/7/17,88.870003,89.059998,88.309998,88.949997,82.891098,5349300
11/8/17,89.110001,90.419998,89.099998,90.260002,84.111855,6767500
11/9/17,89.940002,90.57,89.349998,90.300003,84.149139,6904500
11/10/17,90.239998,91.690002,90.199997,90.919998,84.726898,7647800
11/13/17,91.040001,91.980003,90.870003,90.989998,84.792137,8491600
11/14/17,90.699997,91.199997,90.18,91.089996,84.885323,9834100
11/15/17,90.339996,90.849998,89.650002,89.830002,83.711143,8433400
11/16/17,95.120003,99.68,94.720001,99.620003,92.83429,38122400
11/17/17,99.239998,100.129997,96.580002,97.470001,90.83075,23575500
11/20/17,96.440002,97.639999,95.760002,97.480003,90.840073,16394300
11/21/17,97.739998,97.919998,96.32,96.519997,89.94545,12746500
11/22/17,96.650002,96.809998,96.110001,96.410004,89.842949,8918200
11/24/17,96.870003,97.230003,96.529999,96.620003,90.038651,4496100
11/27/17,96.849998,97.650002,96.300003,96.620003,90.038651,8904900
11/28/17,96.589996,96.889999,95.82,96.769997,90.178413,8709600
11/29/17,97.220001,98.260002,96.879997,97.559998,90.914619,11424000
11/30/17,98.089996,98.440002,96.510002,97.230003,90.607086,12854700
12/1/17,97.610001,97.709999,96.230003,97.349998,90.71891,8296200
12/4/17,97.730003,97.959999,96.68,97.010002,90.402092,8956500
12/5/17,97,97.940002,96.919998,97.830002,91.166214,9010100
12/6/17,97.989998,98.139999,97.239998,97.279999,91.128761,7141000
12/7/17,97.059998,97.580002,96.650002,96.779999,91.138168,7502600
12/8/17,96.300003,96.699997,96.139999,96.550003,90.921577,5821100
12/11/17,96.959999,97.269997,96.290001,96.93,91.279434,8928900
12/12/17,96.849998,97.239998,96.599998,96.699997,91.062828,7810600
12/13/17,96.660004,97.910004,96.550003,97.760002,92.06105,7879400
12/14/17,98,98.57,97.099998,97.129997,91.467758,9385800
12/15/17,97.709999,98.489998,96.910004,97.110001,91.448944,16142800
12/18/17,97.379997,98.169998,97.360001,97.900002,92.192871,7964400
12/19/17,99.910004,99.910004,98.290001,98.800003,93.040413,12012200
12/20/17,99.449997,99.650002,98.449997,98.75,92.993324,10729800
12/21/17,99,99.330002,97.980003,98.059998,92.343559,7369100
12/22/17,98.290001,98.419998,97.68,98.209999,92.484802,5478700
12/26/17,98.349998,99.440002,98.349998,99.160004,93.379433,4295900
12/27/17,99.559998,99.599998,98.830002,99.260002,93.473595,5140800
12/28/17,99.519997,99.620003,99.120003,99.400002,93.605438,9763900
12/29/17,99.400002,99.690002,98.75,98.75,92.993324,7144300
1/2/18,99.300003,99.790001,98.519997,98.589996,92.842651,10150500
1/3/18,98.849998,100,98.769997,99.449997,93.652519,8903600
1/4/18,99.540001,99.779999,98.910004,99.540001,93.737274,6830400
1/5/18,99.639999,100.379997,99.610001,100.129997,94.292885,7284000
1/8/18,100.25,101.75,100.209999,101.610001,95.6866,8843900
1/9/18,102.029999,102.349998,100.309998,100.389999,94.537727,7312700
1/10/18,99.75,99.889999,98.529999,99.669998,93.859688,7930400
1/11/18,99.699997,100.449997,98.779999,100.019997,94.189293,6537700
1/12/18,100.389999,101.440002,100.300003,100.870003,94.989738,6951200
1/16/18,101.339996,101.910004,100.339996,100.690002,94.820236,7170700
1/17/18,101.150002,102.940002,100.699997,102.699997,96.713058,8681900
1/18/18,104.739998,104.940002,103.620003,104.300003,98.219788,12307900
1/19/18,104.639999,104.93,103.660004,104.589996,98.492882,8378600
1/22/18,104.5,105.449997,104.040001,105.449997,99.302742,7308300
1/23/18,105.290001,106.150002,104.57,105.900002,99.726517,8287800
1/24/18,106.349998,106.440002,104.82,105.790001,99.622932,6823100
1/25/18,105.849998,106.809998,105.849998,106.599998,100.385704,5857100
1/26/18,107,108.410004,106.68,108.389999,102.071365,6786300
1/29/18,108.110001,109.980003,107.989998,109.550003,103.163734,8355200
1/30/18,109.139999,109.360001,107.150002,107.730003,101.449837,9180500
1/31/18,107.769997,108.18,106.07,106.599998,100.385704,9812800
2/1/18,105.959999,106.559998,105.18,105.519997,99.368675,6386800
2/2/18,105.150002,106.470001,104.150002,104.480003,98.389297,9253100
2/5/18,103.400002,104.610001,97.089996,100.089996,94.255203,12561600
2/6/18,97.639999,101.080002,97.25,100.900002,95.017998,16413800
2/7/18,100.5,104.589996,100.010002,102.849998,96.854309,11165200
2/8/18,103.230003,103.480003,100,100.019997,94.189293,13975100
2/9/18,100.529999,101.099998,96.43,99.370003,93.577194,14184600
2/12/18,100.129997,100.449997,98.800003,99.550003,93.746681,9135100
2/13/18,99.330002,101.220001,99.330002,100.980003,95.093338,6622800
2/14/18,100.860001,102.25,100.209999,101.699997,95.771339,7307600
2/15/18,102.550003,103.639999,101.830002,103.230003,97.212181,7494900
2/16/18,103.089996,104.940002,101.980003,104.779999,98.671799,16064300
2/20/18,96.989998,97.940002,94.099998,94.110001,88.62381,52088500
2/21/18,95.110001,95.339996,91.239998,91.519997,86.184799,49503700
2/22/18,91.43,93.389999,91.309998,92.769997,87.361931,20365000
2/23/18,92.879997,93.489998,91.760002,92.889999,87.474937,12791500
2/26/18,92.900002,93.800003,92.220001,93.120003,87.691528,14699300
2/27/18,93.629997,93.720001,91.510002,91.519997,86.184799,13376100
2/28/18,92,92.099998,90,90.010002,84.762833,14143700
3/1/18,90.169998,90.18,87.709999,89.080002,83.887047,18909600
3/2/18,87.269997,88.900002,87.239998,88.769997,83.595108,19043400
3/5/18,88.139999,90.5,88.07,89.980003,84.734581,13383200
3/6/18,90.349998,90.5,88.629997,89.059998,83.86821,11054700
3/7/18,87.980003,88.529999,87.339996,87.739998,82.625153,11453000
3/8/18,87.769997,88.129997,87.339996,87.919998,83.288284,9588700
3/9/18,88.239998,88.720001,87.529999,88.720001,84.046135,9754400
3/12/18,88.699997,89.440002,87.879997,88.07,83.430389,8474000
3/13/18,88.389999,88.900002,87.980003,88.300003,83.648262,7173000
3/14/18,88.510002,88.989998,87.5,87.669998,83.05146,11040600
3/15/18,87.68,88.790001,85.900002,87.510002,82.899872,16615200
3/16/18,87.720001,90.089996,87.5,89.169998,84.472427,28396000
3/19/18,88.910004,89.080002,87.099998,87.449997,82.84304,12053400
3/20/18,87.860001,88.150002,87.370003,87.949997,83.316704,8258000
3/21/18,87.889999,89.68,87.68,88.18,83.534584,11836000
3/22/18,87.529999,88.269997,86.989998,87.139999,82.54937,12248200
3/23/18,87.349998,87.690002,85.279999,85.419998,80.919983,10125100
3/26/18,86.220001,87.690002,86.110001,87.5,82.890411,9199800
3/27/18,87.959999,88.040001,85.480003,86.050003,81.5168,6545800
3/28/18,86.260002,88.239998,86.190002,87.769997,83.146179,11576300
3/29/18,87.900002,89.339996,87.769997,88.970001,84.282967,9274600
4/2/18,88,88.239998,84.839996,85.550003,81.043144,19128900
4/3/18,86.25,86.949997,85.550003,86.800003,82.227295,9695500
4/4/18,85.599998,87.5,85.440002,87.220001,82.625168,6536600
4/5/18,87.599998,88.349998,87.050003,87.809998,83.184082,6380900
4/6/18,86.830002,87.900002,86.129997,86.690002,82.123085,6350000
4/9/18,86.849998,87.449997,86.239998,86.279999,81.734673,8368100
4/10/18,86.839996,87.099998,85.660004,86.449997,81.895729,9127400
4/11/18,86,86.860001,85.800003,85.910004,81.384186,6279000
4/12/18,86.190002,86.830002,85.410004,85.43,80.929466,6856300
4/13/18,85.889999,86.269997,85.190002,86.019997,81.488373,7559200
4/16/18,86.199997,87.650002,86.120003,86.839996,82.265175,7020700
4/17/18,87.480003,88.169998,87.410004,87.900002,83.269348,6801900
4/18/18,88.199997,88.559998,87.510002,87.57,82.956734,5854000
4/19/18,87.410004,88.040001,86.580002,87.889999,83.259872,6588300
4/20/18,87.870003,88.379997,86.669998,86.980003,82.397812,8324900
4/23/18,86.889999,87.080002,86.019997,86.099998,81.564163,7360500
4/24/18,86.769997,86.910004,85.57,86.529999,81.971512,8469700
4/25/18,86.32,87.699997,85.889999,87.169998,82.577797,6760400
4/26/18,87.169998,88.32,86.900002,87.940002,83.307236,5782500
4/27/18,87.870003,87.900002,87.080002,87.290001,82.691475,5651100
4/30/18,87.940002,89.660004,87.919998,88.459999,83.799828,8685900
5/1/18,87.669998,88.010002,86.349998,87.410004,82.805161,6957700
5/2/18,87.129997,87.25,86.160004,86.339996,81.791534,6083000
5/3/18,86.190002,86.290001,85.120003,86.230003,81.687332,6876100
5/4/18,86,88.099998,85.360001,87.529999,82.918831,6971500
5/7/18,87.489998,87.5,85.269997,85.470001,80.967354,10783600
5/8/18,85.519997,85.849998,84.919998,85.739998,81.223137,6551400
5/9/18,82.559998,83.68,82,83.059998,78.684311,32265200
5/10/18,82.639999,83.769997,82.010002,82.690002,78.827309,15857600
5/11/18,82.690002,83.519997,81.949997,83.379997,79.485077,9934800
5/14/18,83.889999,84.790001,83.650002,84.389999,80.447891,9499200
5/15/18,84.059998,84.879997,83.800003,84.519997,80.571815,9322900
5/16/18,84.870003,86.129997,84.739998,86.129997,82.106621,13733600
5/17/18,87.040001,87.589996,83.849998,84.489998,80.543221,29720700
5/18/18,84.239998,84.440002,83.489998,83.639999,79.732918,12043100
5/21/18,84.139999,84.540001,83.82,84.510002,80.562294,10715700
5/22/18,84.5,84.809998,83.290001,83.370003,79.475548,8067300
5/23/18,82.949997,83.019997,82.169998,83.010002,79.132362,9399200
5/24/18,83,83,81.779999,82.849998,78.979828,8576200
5/25/18,82.849998,83.339996,82.32,82.459999,78.608047,5913500
5/29/18,81.959999,82.519997,81.809998,82.400002,78.55085,8428200
5/30/18,82.449997,84.230003,82.260002,84.120003,80.190498,9314100
5/31/18,83.940002,84.309998,82.510002,82.540001,78.684311,11468700
6/1/18,83.040001,83.419998,82.849998,82.989998,79.113289,5237900
6/4/18,83.5,85.519997,83.300003,85.419998,81.429779,10922000
6/5/18,85.449997,85.470001,84.25,84.620003,80.667168,8281400
6/6/18,84.949997,85.150002,84.349998,84.559998,80.609947,7362800
6/7/18,84.779999,85.760002,84.690002,84.949997,80.981735,7705700
6/8/18,84.779999,85.190002,84.139999,84.360001,80.419296,7602400
6/11/18,84.410004,84.540001,83.790001,84.300003,80.362099,6252300
6/12/18,84.32,84.589996,83.470001,84.099998,80.17144,8061700
6/13/18,83.889999,84.370003,83.849998,84.089996,80.161903,6358400
6/14/18,84.220001,84.809998,83.669998,83.790001,79.875916,7517400
6/15/18,83.5,83.989998,83.059998,83.699997,79.790123,12503000
6/18/18,83.050003,83.57,82.82,83,79.122826,8502300
6/19/18,82.599998,83.620003,82.370003,83.610001,79.70433,9352500
6/20/18,83.709999,83.82,83.160004,83.610001,79.70433,7966600
6/21/18,83.400002,84.550003,82.900002,84.209999,80.276291,8092000
6/22/18,84.459999,84.849998,84.099998,84.82,80.857803,10813000
6/25/18,84.589996,86.599998,84.480003,86.470001,82.430733,15939500
6/26/18,86.529999,87.050003,85.760002,85.980003,81.963623,10126200
6/27/18,85.900002,87.489998,85.550003,86.889999,82.831123,10299700
6/28/18,86.849998,87.290001,85.690002,85.860001,81.849228,8467000
6/29/18,85.900002,86.199997,85.519997,85.650002,81.64904,8255600
7/2/18,85.650002,85.940002,83.400002,84,80.076103,8125100
7/3/18,84.089996,85.050003,84.089996,84.440002,80.49556,4396200
7/5/18,84.940002,85.580002,84.269997,84.57,80.619484,5367500
7/6/18,84.199997,84.870003,83.82,84.510002,80.562294,5613700
7/9/18,85,86.470001,84.769997,85.93,81.915947,6575400
7/10/18,85.93,87.330002,85.879997,87.209999,83.136169,6048400
7/11/18,87.059998,87.150002,86.389999,86.529999,82.48793,5595900
7/12/18,86.940002,87.410004,86.220001,86.519997,82.478401,4888600
7/13/18,86.519997,87.989998,86.5,87.699997,83.603271,6388600
7/16/18,87.620003,87.720001,86.830002,87.639999,83.546066,4447200
7/17/18,87.400002,88.699997,87.400002,88.190002,84.070381,5911500
7/18/18,88.330002,89.190002,87.940002,88.07,83.955994,5045500
7/19/18,87.860001,88.480003,87.410004,87.720001,83.622337,4883100
7/20/18,87.400002,88.169998,87.199997,88.059998,83.946457,4815100
7/23/18,87.650002,88.150002,87.379997,87.629997,83.536545,4150000
7/24/18,88.120003,88.5,87.610001,87.959999,83.85112,5589500
7/25/18,87.269997,88.019997,87.110001,87.900002,83.793938,5809100
7/26/18,88.5,89.43,88.18,88.230003,84.108528,6548300
7/27/18,88.639999,88.879997,88.029999,88.129997,84.013184,4679400
7/30/18,88,88.940002,87.889999,88.879997,84.728149,6010700
7/31/18,89,89.660004,88.800003,89.230003,85.061806,6708100
8/1/18,88.860001,89.129997,87.879997,88.239998,84.11805,5050000
8/2/18,87.940002,88.839996,87.620003,88.760002,84.61377,4306100
8/3/18,89.190002,90.279999,89,89.599998,85.41452,5747200
8/6/18,89.309998,89.980003,89.129997,89.669998,85.481247,4651600
8/7/18,89.830002,90.360001,89.650002,89.769997,85.576584,4526700
8/8/18,89.970001,90.230003,89.370003,90.050003,85.843506,5041100
8/9/18,89.459999,89.629997,88.760002,89.010002,85.344902,4727900
8/10/18,88.699997,90.370003,88.650002,90.18,86.466736,8244900
8/13/18,90.199997,90.540001,89.370003,89.639999,85.948967,5879200
8/14/18,89.639999,91.120003,89.629997,90.849998,87.109138,5836800
8/15/18,90.25,90.410004,89.669998,90.220001,86.505081,8616900
8/16/18,100.110001,100.209999,97.910004,98.639999,94.578377,42631300
8/17/18,97.769997,99.669998,97.610001,97.849998,93.820915,16463300
8/20/18,97.669998,98.290001,95.949997,96,92.047081,12679300
8/21/18,95.959999,96.360001,95.360001,96.080002,92.123795,10531300
8/22/18,96.199997,96.849998,95.230003,95.669998,91.730675,7765700
8/23/18,95.5,95.860001,95.059998,95.18,91.260849,6096400
8/24/18,95.089996,95.660004,94.349998,94.949997,91.040321,8594300
8/27/18,95.260002,95.610001,94.290001,94.540001,90.647209,7040300
8/28/18,94.769997,96.349998,94.529999,96.07,92.114197,9983000
8/29/18,96.279999,96.830002,95.529999,95.639999,91.701912,7862800
8/30/18,95.5,96.5,95.449997,96.099998,92.142967,7058700
8/31/18,96.190002,96.440002,95.110001,95.860001,91.912857,6324700
9/4/18,95.800003,96.269997,95.239998,95.360001,91.433441,8280700
9/5/18,95.669998,96.830002,95.360001,96.620003,92.641556,9474600
9/6/18,96.529999,96.720001,96.010002,96.449997,92.478546,6150800
9/7/18,95.800003,96.480003,95.639999,95.830002,91.884094,6672400
9/10/18,96.110001,97.190002,96.089996,96.900002,92.910019,8332600
9/11/18,97.269997,97.660004,96.489998,96.639999,92.660736,6463500
9/12/18,96.260002,96.739998,95.93,95.970001,92.018333,5900000
9/13/18,95.32,95.620003,94.910004,95.120003,91.203308,7652900
9/14/18,94.529999,94.839996,94.349998,94.589996,90.695145,6319400
9/17/18,94.75,95.480003,94.370003,94.82,90.915672,5329800
9/18/18,94.459999,95.589996,94.150002,95.43,91.500557,6759800
9/19/18,95.57,95.889999,94.879997,95.239998,91.318375,5675100
9/20/18,95.349998,95.790001,94.949997,95.75,91.807388,5552300
9/21/18,95.919998,96.290001,95.629997,95.900002,91.951202,9530100
9/24/18,95.440002,96,94.860001,94.919998,91.011559,5337000
9/25/18,95.989998,96.519997,94.989998,95.099998,91.184143,6193200
9/26/18,95.099998,95.589996,94.519997,94.589996,90.695145,5918600
9/27/18,94.190002,94.959999,93.82,94.129997,90.254089,5363400
9/28/18,94.279999,94.370003,93.690002,93.910004,90.043152,6306300
10/1/18,94.290001,94.660004,94.040001,94.400002,90.51297,4994300
10/2/18,93.93,95.610001,93.849998,95.150002,91.232094,7754600
10/3/18,95.5,95.540001,94.040001,94.07,90.196564,6327400
10/4/18,94.07,94.5,93.199997,94.209999,90.330788,6045300
10/5/18,93.860001,94.190002,92.889999,93.309998,89.46785,6693400
10/8/18,93.25,94.93,93.019997,94.690002,90.791023,5762600
10/9/18,95.639999,97.739998,95.190002,97.080002,93.082619,11598900
10/10/18,96.599998,97.849998,95.699997,95.760002,91.816986,9002800
10/11/18,95.809998,96.290001,93.599998,93.919998,90.052742,9926500
10/12/18,94.760002,95.169998,93.669998,94.809998,90.906097,8553900
10/15/18,94.5,94.989998,93.82,93.82,89.956841,8305500
10/16/18,94.699997,96.07,94.339996,95.809998,91.864899,11241700
10/17/18,95.18,96.620003,94.900002,96.559998,92.584023,9539400
10/18/18,96.400002,97.25,95.739998,96.169998,92.210091,11398400
10/19/18,96,97.650002,96,97.150002,93.149727,8950700
10/22/18,97.339996,97.580002,96.739998,97.139999,93.140144,7122900
10/23/18,96.5,97.989998,96.110001,97.800003,93.772972,9405800
10/24/18,97.5,99.169998,97.279999,97.559998,93.542854,10364700
10/25/18,98.010002,99.480003,97,99.18,95.096161,10737100
10/26/18,98.809998,99.669998,98.019997,98.940002,94.866028,14925600
10/29/18,99.510002,101.730003,99.089996,99.800003,95.690613,12706100
10/30/18,100.209999,102.599998,100.059998,102.419998,98.202744,12708500
10/31/18,102.489998,102.489998,100.120003,100.279999,96.150841,12354900
11/1/18,99.959999,101.169998,99.720001,100.580002,96.438499,7735100
11/2/18,100.879997,101.57,100.309998,101.339996,97.167213,7303200
11/5/18,101.190002,103.169998,100.629997,102.910004,98.672562,7616800
11/6/18,102.540001,103.440002,102.050003,103.330002,99.075272,6368700
11/7/18,103.660004,104.470001,103.050003,104.32,100.024498,8672600
11/8/18,104.330002,105.260002,104.029999,104.879997,100.561432,5961400
11/9/18,105,105.900002,104.809998,105.559998,101.21344,8450400
11/12/18,105.5,106.209999,103.650002,103.870003,99.593025,8943100
11/13/18,103.669998,104.150002,102.540001,102.940002,98.701309,7956700
11/14/18,103,103.150002,101.010002,101.529999,97.349373,10481900
11/15/18,102.32,102.800003,98.620003,99.540001,95.441322,16082600
11/16/18,98.82,99.419998,96.919998,97.690002,93.667511,14235200
11/19/18,97.940002,98.25,96.43,96.779999,92.794975,9214400
11/20/18,94.980003,95.199997,93.599998,94.160004,90.282845,12620600
11/21/18,94.360001,94.919998,93.309998,94.169998,90.292442,9350900
11/23/18,94.129997,95.550003,94.129997,95.099998,91.184143,4890000
11/26/18,95.690002,96.07,94.739998,95.150002,91.232094,10034600
11/27/18,94.989998,95.540001,94.410004,95.040001,91.12661,9042300
11/28/18,95.449997,97.620003,95.050003,97.459999,93.446976,10070800
11/29/18,97.019997,97.830002,96.739998,97.290001,93.283966,6241300
11/30/18,97.400002,98.43,97.07,97.650002,93.62915,10664000
12/3/18,98.019997,99.589996,97.669998,98.75,94.683853,9082100
12/4/18,98.25,98.959999,95.610001,95.809998,91.864899,10426300
12/6/18,94.940002,95.410004,93.099998,94.769997,91.363594,10367200
12/7/18,94.5,95.129997,92.449997,93.190002,89.840401,8496500
12/10/18,93.559998,94.25,92.339996,93.940002,90.563438,7276900
12/11/18,94.25,94.489998,93.25,93.849998,90.476669,6452500
12/12/18,94.300003,94.300003,93.059998,93.110001,89.763283,9639200
12/13/18,93.25,93.68,92.43,92.959999,89.618668,8042300
12/14/18,92.050003,92.559998,91.57,91.849998,88.548553,11493600
12/17/18,91.220001,92.010002,90.160004,90.769997,87.50737,9001800
12/18/18,90.800003,91.260002,90.279999,91.080002,87.806244,9606700
12/19/18,91.290001,93,90.25,90.550003,87.295288,12231500
12/20/18,90.110001,90.110001,86.139999,87.279999,84.142815,16373800
12/21/18,86.870003,89.470001,86.800003,87.129997,83.998222,14921500
12/24/18,86.540001,87.57,85.779999,85.82,82.735306,6110300
12/26/18,86.419998,90.419998,86.300003,90.410004,87.160316,10028300
12/27/18,89.75,91.610001,88.440002,91.589996,88.297905,9881500
12/28/18,92.07,93.470001,91.650002,92.129997,88.818489,9874000
12/31/18,92.669998,93.389999,92.25,93.150002,89.801826,7005800
1/2/19,91.639999,93.650002,91.639999,93.339996,89.984993,8152700
1/3/19,93.209999,94.709999,92.699997,92.860001,89.522263,8277300
1/4/19,93.209999,93.660004,92.690002,93.440002,90.081413,8029100
1/7/19,93.620003,95.169998,93.18,94.540001,91.141884,7789700
1/8/19,95.059998,95.760002,93.910004,95.199997,91.778145,7200900
1/9/19,95.709999,96.139999,94.769997,94.889999,91.479294,6272300
1/10/19,93.879997,94.980003,93.120003,94.959999,91.546776,9396300
1/11/19,94.989998,95.290001,94.550003,94.839996,91.431076,5394600
1/14/19,94.480003,95.449997,94.279999,94.949997,91.537132,7085100
1/15/19,95.470001,96.599998,95.379997,96.25,92.790405,7058200
1/16/19,95.93,96.860001,95.830002,96.349998,92.88681,5410000
1/17/19,96.32,97.209999,96.160004,96.739998,93.262794,5614500
1/18/19,96.949997,98.199997,96.849998,97.730003,94.217216,6120600
1/22/19,97.150002,98.43,96.779999,97.489998,93.985832,8063200
1/23/19,98.870003,99.349998,97.529999,98.709999,95.161995,8345800
1/24/19,98.199997,98.459999,96.43,98.360001,94.82457,7609700
1/25/19,98.75,98.910004,96.75,96.940002,93.455612,7218200
1/28/19,96.529999,97.07,96.080002,97.059998,93.571289,5875800
1/29/19,96.769997,97.160004,96.510002,96.709999,93.233887,5253400
1/30/19,96.68,96.800003,94.260002,94.800003,91.392525,11849300
1/31/19,94.629997,96.870003,94.629997,95.830002,92.385506,14723000
2/1/19,95.919998,96,93.110001,93.860001,90.48632,12591900
2/4/19,93.860001,94.769997,93.349998,94.769997,91.363594,7268600
2/5/19,95.25,95.940002,95.019997,95.599998,92.163765,6099900
2/6/19,95.43,96.010002,95.220001,95.639999,92.202324,4264900
2/7/19,95.110001,96.82,95,96.730003,93.253159,7010100
2/8/19,96.339996,96.690002,95.139999,95.580002,92.144493,6169200
2/11/19,95.650002,96.349998,95.639999,96.199997,92.742195,5542800
2/12/19,96.82,97.169998,96.5,96.970001,93.48452,5881300
2/13/19,97.300003,98,97.089996,97.940002,94.41967,5458500
2/14/19,97.68,99.199997,97.019997,98.519997,94.978813,7200800
2/15/19,98.980003,100,98.860001,99.989998,96.395981,9481000
2/19/19,102.379997,104.18,102.07,102.199997,98.526535,20697300
2/20/19,101.809998,102.339996,98.650002,99.879997,96.289932,17631800
2/21/19,99.660004,99.919998,98.910004,99.389999,95.817551,6413200
2/22/19,99.82,100.160004,99.139999,99.550003,95.971779,8086900
2/25/19,100.120003,100.129997,99.050003,99.120003,95.557251,9235000
2/26/19,99.019997,99.059998,97.870003,98.690002,95.1427,8488100
2/27/19,98.120003,98.389999,97.589996,98.110001,94.583557,7902300
2/28/19,98.110001,99.470001,97.769997,98.989998,95.431915,11375900
3/1/19,99.470001,99.559998,97.120003,97.93,94.410027,10352500
3/4/19,98.120003,98.589996,97.370003,97.849998,94.332893,7683800
3/5/19,98.129997,99.190002,98.089996,98.339996,94.805283,6119300
3/6/19,98.269997,99,97.860001,98.260002,94.728157,4696600
3/7/19,97.709999,98.199997,97.239998,97.449997,93.947258,6126600
3/8/19,97.550003,98.419998,97,97.589996,94.082245,5659000
3/11/19,98.040001,98.580002,97.82,98.480003,94.940254,5345300
3/12/19,98.529999,98.739998,98.050003,98.370003,94.834206,5070500
3/13/19,98.699997,99.349998,98.389999,99.029999,95.470482,5482300
3/14/19,98.410004,98.43,97.589996,98.220001,95.199097,4925800
3/15/19,98.279999,98.510002,97.599998,98.419998,95.392944,14600000
3/18/19,98.300003,99.769997,98.260002,99.660004,96.59481,5770100
3/19/19,99.989998,100.489998,99.57,99.849998,96.778969,5414400
3/20/19,99.199997,99.550003,98.540001,98.639999,95.606178,6323100
3/21/19,98.25,99.129997,98.099998,99.059998,96.013252,6551000
3/22/19,98.580002,99.529999,97.940002,98.279999,95.25724,6708100
3/25/19,97.800003,98.620003,97.629997,98.169998,95.150627,5407400
3/26/19,98.360001,98.849998,98.029999,98.32,95.296021,4945900
3/27/19,98.139999,98.860001,95,97.209999,94.220146,8471200
3/28/19,97.589996,97.870003,96.529999,97.129997,94.142624,8054300
3/29/19,97.589996,97.669998,97.040001,97.529999,94.530312,7439900
4/1/19,97.970001,98.360001,97.559998,97.82,94.811394,8505800
4/2/19,97.760002,98.309998,96.900002,96.940002,93.958466,6274000
4/3/19,97.120003,97.400002,96.790001,97.190002,94.200783,5687500
4/4/19,97.25,98.279999,97.239998,98.110001,95.092476,4026300
4/5/19,98.25,99.199997,98.160004,98.830002,95.790337,4656000
4/8/19,98.449997,99.25,98.260002,99.230003,96.178032,5422400
4/9/19,98.800003,99.230003,98.150002,98.690002,95.654633,4367500
4/10/19,98.510002,99.720001,98.5,99.599998,96.536652,4091100
4/11/19,99.699997,100.830002,99.470001,100.800003,97.699753,5606900
4/12/19,101,102.019997,101,101.559998,98.436356,5162000
4/15/19,101.300003,102.910004,101.260002,102.43,99.279625,5111900
4/16/19,102.889999,103.389999,102.540001,102.93,99.764229,4828400
4/17/19,103,103.400002,102.410004,103.160004,99.98716,3729200
4/18/19,103.110001,103.800003,102.889999,103.18,100.006546,3727800
4/22/19,102.779999,103.540001,102.169998,102.370003,99.221458,5079400
4/23/19,102.529999,103.290001,101.940002,103.07,99.899918,5050800
4/24/19,103.139999,103.849998,103.089996,103.529999,100.345779,4697800
4/25/19,103.239998,104.150002,102.830002,103.519997,100.336082,3961100
4/26/19,100.449997,102.339996,99.660004,101.529999,98.407288,8107700
4/29/19,101.879997,102,100.779999,101.559998,98.436356,6379700
4/30/19,101.769997,102.919998,101.449997,102.839996,99.676994,6133600
5/1/19,102.769997,102.809998,101.279999,101.360001,98.242516,5337200
5/2/19,101.43,102.059998,100.239998,101.150002,98.038979,5007000
5/3/19,102.32,102.75,101.800003,102.080002,98.940384,5316900
5/6/19,100.75,102.550003,100.540001,102.459999,99.308685,4613700
5/7/19,101.800003,102.169998,100.760002,101.300003,98.184364,4575600
5/8/19,100.25,101.040001,99.860001,100.300003,97.215111,5882000
5/9/19,99.269997,99.940002,98.849998,99.540001,96.991005,6240100
5/10/19,99.760002,102.110001,99.699997,101.910004,99.300316,8742700
5/13/19,100.449997,101.150002,99.010002,99.889999,97.332039,7361500
5/14/19,100.139999,100.870003,99.889999,100.290001,97.721802,6353700
5/15/19,100.199997,100.360001,99.129997,99.879997,97.322296,6740300
5/16/19,102.830002,103.959999,100.839996,101.309998,98.715668,17122000
5/17/19,100.239998,101.949997,99.910004,100.860001,98.277214,12371300
5/20/19,100.389999,101.980003,100.25,101.519997,98.920296,7194100
5/21/19,101.510002,101.650002,100.400002,101.120003,98.530548,6889100
5/22/19,101.599998,102.43,101.059998,102.230003,99.612122,7340900
5/23/19,101.82,101.93,100.650002,101.860001,99.251595,6454600
5/24/19,102.18,102.889999,102.080002,102.669998,100.040848,4483200
5/28/19,102.559998,103.57,102.400002,102.419998,99.797256,10271700
5/29/19,102.110001,102.879997,101.470001,102.120003,99.504944,6520200
5/30/19,102.489998,103.489998,101.910004,102.190002,99.573143,5019600
5/31/19,101.349998,102.019997,100.599998,101.440002,98.842346,5927500
6/3/19,101.629997,102.68,101.400002,101.959999,99.349045,6614700
6/4/19,102.610001,102.650002,101.440002,102.559998,99.93367,5964900
6/5/19,102.75,104.779999,102.599998,104.419998,101.74604,6902900
6/6/19,104.489998,105.660004,104.199997,105.110001,102.418365,8063700
6/7/19,105.230003,106.360001,105.050003,106.059998,103.344048,6809400
6/10/19,106.480003,107.779999,106.370003,107.519997,104.766655,6325700
6/11/19,108,108.970001,107.75,107.940002,105.175903,6747300
6/12/19,107.919998,108.910004,107.919998,108.82,106.033371,4634500
6/13/19,109,109.580002,108.169998,108.650002,105.867714,5485000
6/14/19,108.779999,109.589996,108.459999,109.07,106.276978,4525900
6/17/19,109.120003,109.550003,108.260002,109.160004,106.36467,4147000
6/18/19,109.800003,109.959999,108.910004,109.650002,106.84211,4911200
6/19/19,109.800003,109.839996,108.870003,109.620003,106.812889,3924600
6/20/19,109.82,110.489998,109.279999,110.32,107.494949,5001500
6/21/19,110.339996,112.190002,110.260002,111.129997,108.28421,13178600
6/24/19,111.489998,112.220001,111.029999,111.239998,108.391388,6032800
6/25/19,110.879997,111.43,110.400002,110.720001,107.88472,6105000
6/26/19,110.849998,111.080002,110.099998,110.160004,107.339058,4161700
6/27/19,110.059998,110.510002,108.860001,110.099998,107.280586,5481300
6/28/19,110.550003,111.510002,110.239998,110.489998,107.660606,6506700
7/1/19,111.300003,111.970001,110.019997,110.620003,107.787277,5514700
7/2/19,110.830002,111.610001,110.339996,111.599998,108.742172,4062900
7/3/19,111.18,112.400002,111,112.32,109.443741,3207300
7/5/19,112,112.239998,111.209999,111.980003,109.11245,3579400
7/8/19,111.919998,112.93,111.699997,112.720001,109.833488,4715700
7/9/19,112.889999,113.379997,112.599998,112.879997,109.989395,5423400
7/10/19,113.120003,113.610001,112.389999,112.980003,110.086845,4579000
7/11/19,113.339996,113.940002,113.019997,113.919998,111.002769,3896600
7/12/19,114.089996,114.769997,113.620003,114.599998,111.665352,3743300
7/15/19,114.669998,115.080002,114.449997,114.980003,112.035614,3346000
7/16/19,115.330002,115.489998,114.040001,114.760002,111.821259,3488200
7/17/19,114.809998,115.169998,114.199997,114.599998,111.665352,2688500
7/18/19,114.349998,114.779999,113.739998,114.720001,111.782288,3224800
7/19/19,115,115.309998,113.860001,113.900002,110.983292,3796300
7/22/19,114.099998,114.339996,112.32,112.82,109.930939,4516900
7/23/19,113.120003,113.199997,111.57,112.089996,109.219627,5754200
7/24/19,112.029999,112.790001,111.57,112,109.131935,4177300
7/25/19,112.18,112.389999,111.660004,112.220001,109.346298,3851500
7/26/19,112.120003,113.339996,111.82,113.019997,110.125809,4729000
7/29/19,112.839996,112.980003,111.760002,112.269997,109.395027,3746600
7/30/19,112.059998,112.400002,111.669998,112.059998,109.190399,3035200
7/31/19,111.910004,112.339996,109.629997,110.379997,107.553413,6211300
8/1/19,110.32,112.169998,109.32,109.379997,106.579018,7455000
8/2/19,109.739998,110.139999,108.150002,109.400002,106.598511,5656700
8/5/19,108,108,105.589996,105.82,103.110184,7570000
8/6/19,106.190002,107.839996,105.589996,107.269997,104.523048,7016400
8/7/19,107.019997,108.639999,105.919998,108.199997,105.429245,7278500
8/8/19,108.010002,108.839996,107.769997,108.519997,106.261543,4374400
8/9/19,108.059998,108.459999,106.709999,107.279999,105.047348,4193500
8/12/19,106.720001,106.839996,104.839996,105.220001,103.030235,5305000
8/13/19,105.25,108.110001,104.849998,107.410004,105.17466,6675300
8/14/19,105.480003,108.059998,105.139999,106.199997,103.989822,9312800
8/15/19,112.529999,113.639999,110.160004,112.690002,110.344772,19812900
8/16/19,114.080002,114.93,112.059998,112.989998,110.638527,10965200
8/19/19,114.349998,114.779999,113.599998,113.809998,111.44146,7178100
8/20/19,113.860001,114.040001,112.010002,112.050003,109.718086,6112300
8/21/19,113.980003,114.07,111.879997,112.019997,109.688713,8156400
8/22/19,112.199997,112.790001,111.349998,111.910004,109.581001,5995400
8/23/19,111.620003,111.910004,110.129997,110.830002,108.523476,6236700
8/26/19,111.559998,112.269997,111.220001,111.989998,109.659332,5935700
8/27/19,112.419998,112.809998,111.510002,112.419998,110.080391,5733700
8/28/19,112.279999,113.080002,111.68,112.720001,110.374138,5371000
8/29/19,114.199997,114.589996,113.309998,114.080002,111.705841,5270500
8/30/19,115,115.379997,113.900002,114.260002,111.882095,5705300
9/3/19,113.68,115.309998,113.489998,114.639999,112.254181,5942700
9/4/19,115.690002,115.959999,114.82,115.910004,113.497765,5782900
9/5/19,117.669998,117.959999,115.269997,115.440002,113.037544,5826400
9/6/19,115.440002,115.75,114.620003,114.730003,112.342316,4346400
9/9/19,114.5,116.610001,114.400002,116.330002,113.909012,5973700
9/10/19,115.989998,116.959999,115.480003,116.050003,113.634842,4857400
9/11/19,116,116.699997,115.220001,116.019997,113.605461,5284100
9/12/19,116.650002,117.07,115.900002,116.919998,114.486732,4474300
9/13/19,117.160004,118.190002,116.949997,117.43,114.986122,5638600
9/16/19,116.540001,117.169998,115.379997,115.57,113.164825,6090300
9/17/19,115.32,116.690002,115.25,116.510002,114.085274,4604500
9/18/19,116.910004,117.230003,116.18,117.160004,114.721756,3956000
9/19/19,117.400002,117.809998,116.769997,117.110001,114.672783,3380600
9/20/19,117.349998,117.639999,116.800003,116.980003,114.545494,11332400
9/23/19,116.610001,118.410004,116.559998,117.620003,115.172173,5162500
9/24/19,118.25,119.860001,118.010002,118.400002,115.935928,7273100
9/25/19,118.470001,118.720001,117.809998,118.470001,116.004478,4613600
9/26/19,118.800003,119.550003,118.190002,118.300003,115.838013,3986900
9/27/19,119.209999,119.230003,117.75,118.449997,115.984901,3434700
9/30/19,118.669998,119.440002,118.559998,118.68,116.210098,3401400
10/1/19,118.849998,119.110001,117.720001,117.849998,115.397392,3729300
10/2/19,117.400002,117.550003,115.610001,116.120003,113.703392,5944500
10/3/19,115.879997,116.800003,114.580002,116.309998,113.889427,5206500
10/4/19,116.400002,118.300003,116.190002,118.160004,115.700928,4627000
10/7/19,118.099998,118.300003,116.879997,117.230003,114.790298,4695000
10/8/19,116.809998,118.669998,116.660004,117.580002,115.133003,5125100
10/9/19,118.18,119.300003,118.019997,118.93,116.45491,3903400
10/10/19,118.900002,119.879997,118.599998,119.610001,117.120758,4341500
10/11/19,119.919998,120.709999,118.720001,120.239998,117.737648,6127900
10/14/19,119.849998,120.459999,119.099998,119.169998,116.689919,4573300
10/15/19,119.330002,119.989998,118.870003,119.529999,117.042419,4516700
10/16/19,119.309998,120.110001,119.099998,119.419998,116.934715,3781600
10/17/19,119.669998,120.25,119.360001,119.839996,117.34597,3910900
10/18/19,120.449997,120.599998,119.129997,119.139999,116.660545,5592300
10/21/19,119.300003,119.830002,118.82,119.739998,117.248039,3410100
10/22/19,119.75,120.169998,119.389999,119.580002,117.091377,2544700
10/23/19,119.169998,119.849998,118.690002,119.349998,116.866165,2840000
10/24/19,119.150002,119.57,118.510002,119.099998,116.621368,2900300
10/25/19,119,119.330002,118.199997,119.040001,116.562614,2564100
10/28/19,119.25,119.699997,118.529999,119.220001,116.738876,3404300
10/29/19,118.5,118.730003,117.080002,117.150002,114.711945,4791100
10/30/19,117.18,118.370003,117.050003,118.099998,115.642181,2996000
10/31/19,117.93,118.279999,116.830002,117.260002,114.819672,4881300
11/1/19,117.919998,117.970001,117.230003,117.620003,115.172173,3762600
11/4/19,118.400002,119.110001,117.169998,117.57,115.123207,4646000
11/5/19,117.68,119.139999,117.080002,118.860001,116.386375,4217100
11/6/19,118.830002,119.620003,118.709999,119.5,117.013039,3614400
11/7/19,120,120.919998,119.540001,120.230003,117.727852,4441400
11/8/19,120.309998,120.879997,118.940002,119.440002,116.954292,3832700
11/11/19,118.699997,119.629997,118.279999,119.040001,116.562614,4439000
11/12/19,119.599998,120,118.809998,119.120003,116.640953,5063100
11/13/19,119.160004,121.360001,118.660004,120.980003,118.46225,7711800
11/14/19,124.599998,125.379997,119.510002,120.650002,118.139107,22504200
11/15/19,120.68,121,118.379997,118.870003,116.396156,10137700
11/18/19,118.449997,120.870003,118.239998,120.25,117.747437,6548000
11/19/19,120.110001,120.360001,119.709999,119.889999,117.394928,3715400
11/20/19,120.209999,120.480003,118.400002,119.129997,116.650742,5075900
11/21/19,118.830002,120,118.669998,119.860001,117.365547,4302400
11/22/19,120.150002,120.300003,119.269997,119.360001,116.875969,3843100
11/25/19,120,120.019997,117.900002,118.919998,116.445107,5881500
11/26/19,118.959999,119.300003,118.449997,119.190002,116.709488,6292500
11/27/19,119.389999,119.800003,118.730003,118.760002,116.288445,3434100
11/29/19,119.139999,119.970001,119,119.089996,116.611572,3157300
12/2/19,119.150002,119.379997,117.839996,119.279999,116.79763,5670900
12/3/19,118.400002,118.959999,117.769997,118.669998,116.200317,6594800
12/4/19,119.120003,119.199997,118.300003,118.690002,116.21991,5556600
12/5/19,118.360001,118.779999,117.419998,118.660004,116.711693,4352800
12/6/19,119.080002,119.800003,118.919998,119.779999,117.813293,4340800
12/9/19,119.57,119.860001,119.18,119.360001,117.4002,4816000
12/10/19,119.349998,119.559998,119.019997,119.139999,117.183807,4282300
12/11/19,119.400002,119.650002,118.529999,119,117.046104,3506400
12/12/19,119,120.110001,118.68,119.760002,117.793625,4149000
12/13/19,119.160004,120.650002,119.019997,120.290001,118.314934,5366300
12/16/19,120.419998,121.349998,120.419998,120.540001,118.560814,5350700
12/17/19,120.949997,121.699997,120.699997,121.279999,119.288666,4575800
12/18/19,121.510002,121.68,119.839996,119.860001,117.891991,5103000
12/19/19,119.940002,120.510002,119.779999,120.080002,118.108376,4464100
12/20/19,121.480003,122.120003,120.019997,120.290001,118.314934,7954400
12/23/19,120.199997,120.690002,119.010002,119.029999,117.075607,4485800
12/24/19,119.129997,119.599998,119.010002,119.510002,117.547737,2227400
12/26/19,119.610001,119.849998,118.949997,119.519997,117.557564,4223800
12/27/19,119.940002,119.940002,119.25,119.589996,117.626419,3544000
12/30/19,119.800003,119.809998,119.129997,119.400002,117.439545,2945800
12/31/19,119.5,119.800003,118.190002,118.839996,116.888733,4912000
1/2/20,118.860001,119.889999,118.699997,118.940002,116.987091,6764900
1/3/20,118.269997,118.790001,117.589996,117.889999,115.95433,5399200
1/6/20,117.400002,118.089996,116.769997,117.650002,115.718269,6445500
1/7/20,117.260002,117.519997,116.199997,116.559998,114.646172,6846900
1/8/20,116.300003,116.730003,115.68,116.160004,114.252739,5875800
1/9/20,116.150002,117.370003,116.080002,117.360001,115.433029,5563700
1/10/20,117.239998,117.339996,115.980003,116.379997,114.469116,6054800
1/13/20,116.379997,116.550003,115.370003,115.879997,113.977333,6112600
1/14/20,115.470001,116.209999,115.129997,116.18,114.272415,6585800
1/15/20,114.629997,115.870003,114.519997,115.279999,113.387192,7454200
1/16/20,115.5,115.93,115.279999,115.900002,113.997002,5369400
1/17/20,116.050003,116.300003,114.639999,114.959999,113.072433,10045000
1/21/20,114.589996,115.690002,114.519997,115.589996,113.692093,7353700
1/22/20,115.220001,116.529999,115.18,116.099998,114.193726,4926100
1/23/20,116.209999,116.309998,115.040001,115.809998,113.908485,4305100
1/24/20,116,116.029999,114.150002,114.370003,112.492134,4383400
1/27/20,113.190002,116.230003,112.68,115.860001,113.957664,7018400
1/28/20,115.980003,116.900002,115.949997,116.599998,114.685501,5270200
1/29/20,116.559998,117.120003,115.889999,115.889999,113.987167,3775500
1/30/20,115.610001,116.720001,115.330002,116.580002,114.665848,4581500
1/31/20,115.800003,116.260002,113.900002,114.489998,112.610161,7775800
2/3/20,114.900002,115.389999,114.099998,114.269997,112.393768,4351900
2/4/20,115.239998,116.239998,114.889999,115.269997,113.37735,5232200
2/5/20,115.599998,116.949997,114.849998,116.809998,114.892059,5682900
2/6/20,116.830002,117.230003,116.059998,116.309998,114.400269,5352900
2/7/20,116.110001,116.760002,115.760002,116.449997,114.537979,3689600
2/10/20,115.75,116.980003,115.050003,115.25,113.357681,6144900
2/11/20,115.43,115.5,114.440002,115.400002,113.505219,5796800
2/12/20,115.5,116.419998,115.410004,115.849998,113.947823,4735600
2/13/20,115.849998,117.540001,115.580002,117.440002,115.511719,5333200
2/14/20,117.669998,118.57,117.160004,117.889999,115.95433,8130600
2/18/20,118.470001,119.949997,117.360001,119.629997,117.665764,11513200
2/19/20,119.5,119.940002,117.68,117.68,115.74778,7187800
2/20/20,117.209999,118.110001,116.860001,117.690002,115.757614,5022900
2/21/20,117.440002,118.75,117.309998,118.580002,116.633011,6242100
2/24/20,117.459999,118.459999,115.949997,116.32,114.41011,6616000
2/25/20,116.349998,117.07,114.050003,114.389999,112.511795,7764300
2/26/20,114.699997,115.169998,113.650002,113.779999,111.911819,6673300
2/27/20,112.559998,114.07,110.349998,110.400002,108.587311,9492300
2/28/20,107.690002,108.519997,104.370003,107.68,105.911972,17504100
3/2/20,107.599998,116.400002,107.290001,115.879997,113.977333,17074200
3/3/20,116.080002,117.529999,112.339996,112.910004,111.056107,11113600
3/4/20,114.239998,116.839996,113.470001,116.769997,114.852722,8208400
3/5/20,114.400002,117.25,113.910004,115.919998,114.016678,8546100
3/6/20,113.870003,117.910004,113.010002,117.230003,115.305176,9803700
3/9/20,113.82,120.629997,112.730003,117.160004,115.23632,19747800
3/10/20,118.099998,120.68,114.919998,119.790001,117.823135,12599100
3/11/20,117.510002,119.029999,112.800003,114.43,112.55114,10540000
3/12/20,106.019997,111.489998,102.980003,104.050003,102.341583,18774400
3/13/20,108.239998,114.589996,103.879997,114.099998,112.226555,14320700
3/16/20,105.199997,111.330002,102,106.760002,105.007088,12251300
3/17/20,112.769997,119.269997,110.459999,119.260002,117.301842,17602000
3/18/20,115,128.080002,114.5,122.580002,120.567329,25785300
3/19/20,124.459999,127,117.629997,119.449997,118.008568,19033500
3/20/20,119.5,122.790001,111.889999,113.970001,112.594704,18474500
3/23/20,114.169998,117.540001,112.209999,114.279999,112.900963,13122000
3/24/20,115.870003,117.370003,111.309998,115.029999,113.641907,14235000
3/25/20,112.970001,114,108.050003,109.400002,108.079857,17762500
3/26/20,109.400002,110.870003,106.849998,109.82,108.494781,19416900
3/27/20,110.110001,112.279999,108.599998,109.580002,108.257683,12053500
3/30/20,111.860001,115.800003,110.940002,115.190002,113.79998,9737500
3/31/20,114.309998,116.190002,112.639999,113.620003,112.248932,8752800
4/1/20,112.150002,115.529999,111.800003,114.139999,112.76265,9423200
4/2/20,113.18,119.110001,112.339996,118.650002,117.218231,9838500
4/3/20,117.209999,119.910004,117.029999,119.480003,118.038216,9541700
4/6/20,119.059998,126.389999,118.940002,126.07,124.548698,15922900
4/7/20,123.980003,126.489998,121.639999,121.989998,120.517921,13789900
4/8/20,123.690002,123.809998,120.589996,121.839996,120.369736,9292200
4/9/20,118.220001,122.870003,117.660004,121.800003,120.330223,10944400
4/13/20,121.269997,125.669998,121.169998,125.300003,123.787987,8064700
4/14/20,127.099998,129.789993,126.040001,129,127.443336,11366300
4/15/20,129,129.880005,127.120003,128.759995,127.20623,7478400
4/16/20,129,132.919998,128.25,132.330002,130.733154,10627400
4/17/20,131.479996,132.970001,129.729996,132.119995,130.525681,10305100
4/20/20,132.389999,133.380005,129.759995,129.850006,128.283081,8133900
4/21/20,130.070007,131.029999,128.160004,129.210007,127.65081,9300200
4/22/20,130,132.380005,128.899994,131.589996,130.002075,6485000
4/23/20,129.850006,131.089996,127.730003,128.529999,126.978996,9613300
4/24/20,129.350006,129.889999,128.559998,129.440002,127.878021,5782800
4/27/20,130,130.309998,128.169998,128.300003,126.751785,5974600
4/28/20,128.279999,130.240005,127.699997,128,126.455399,6910700
4/29/20,125.57,125.760002,122.550003,123.599998,122.108498,14870700
4/30/20,123.080002,123.440002,121.040001,121.550003,120.083237,13499300
5/1/20,121.480003,123.690002,120.779999,122.919998,121.436699,10381300
5/4/20,123.839996,124.400002,121.709999,123.699997,122.207291,5935900
5/5/20,123.800003,125.260002,123.260002,124.730003,123.224869,6445800
5/6/20,125.209999,125.489998,122.849998,123.300003,121.812119,5769700
5/7/20,123.459999,123.980003,121.5,121.889999,120.948837,9115200
5/8/20,122.75,123.010002,121.620003,122.940002,121.99073,6944400
5/11/20,123.040001,124.309998,123.010002,123.669998,122.715096,8447300
5/12/20,124.480003,125.660004,123.779999,123.779999,122.824242,6366700
5/13/20,123.5,126.239998,123.089996,123.709999,122.754784,9725100
5/14/20,124.849998,125.129997,121.300003,123.419998,122.467026,7411000
5/15/20,123.470001,125.940002,123.089996,125.940002,124.967567,10590000
5/18/20,127.5,128.559998,126.099998,127.660004,126.674286,13035900
5/19/20,131.75,131.990005,124.809998,124.949997,123.985207,24915400
5/20/20,126.489998,126.589996,124.629997,125.449997,124.481339,10748800
5/21/20,124.889999,126.139999,124.25,124.989998,124.024895,7482700
5/22/20,125.099998,125.349998,123.769997,124.330002,123.369995,7453200
5/26/20,124.339996,125.510002,123.629997,123.860001,122.903625,7910200
5/27/20,123.970001,124.489998,121.029999,122.480003,121.534279,10357900
5/28/20,123.720001,124.949997,123.160004,123.690002,122.73494,8141600
5/29/20,124.239998,124.709999,121.93,124.059998,123.102074,9772400
6/1/20,123.440002,124.410004,122.360001,123.959999,123.002853,6850100
6/2/20,123.589996,124.150002,122.809998,123.940002,122.983009,6395900
6/3/20,123.900002,123.989998,122.660004,123.470001,122.51664,6754300
6/4/20,122.800003,123.889999,121.82,122.110001,121.167137,8005000
6/5/20,122.57,122.68,119.910004,121.559998,120.621384,13112400
6/8/20,119.580002,121.239998,119.459999,121.239998,120.303856,9448100
6/9/20,121.599998,122,120.559998,121.349998,120.41301,6915400
6/10/20,121.559998,122.5,121.129997,121.160004,120.22448,9380500
6/11/20,120.989998,122.580002,119.480003,120.089996,119.162735,11387600
6/12/20,120.510002,120.75,117.059998,117.739998,116.830879,10781100
6/15/20,118.400002,118.68,117.010002,118.080002,117.168259,10901100
6/16/20,119.800003,120.230003,118.540001,119.650002,118.726135,8389200
6/17/20,119.860001,120.129997,118.400002,119.029999,118.110924,6715100
6/18/20,118.540001,119.059998,117.660004,117.989998,117.078949,6690000
6/19/20,118.889999,120.300003,117.75,119.849998,118.924591,13359600
6/22/20,120.970001,122.089996,120.400002,121.68,120.740463,9112800
6/23/20,122.75,122.849998,120.959999,121.07,120.13517,6575900
6/24/20,120.739998,121.120003,119.580002,120.300003,119.371117,6871600
6/25/20,119.760002,120.160004,118.379997,119.709999,118.785667,6856600
6/26/20,119.599998,120.839996,118.019997,118.32,117.406403,8997200
6/29/20,118.5,119.68,118.220001,119.059998,118.140686,5503800
6/30/20,119.220001,120.129997,118.540001,119.779999,118.855125,6836400
7/1/20,119.449997,119.919998,118.660004,119.690002,118.765831,6577900
7/2/20,120.089996,120.879997,118.860001,119.209999,118.289528,5898600
7/6/20,119.800003,119.870003,118.220001,118.889999,117.972,7231700
7/7/20,118.449997,127.550003,118.220001,126.949997,125.969757,31152700
7/8/20,128,128.130005,124.400002,124.440002,123.479149,17405700
7/9/20,125.610001,128.179993,124.949997,127.75,126.763588,14257200
7/10/20,128.740005,131.369995,127.260002,130.679993,129.670959,14740000
7/13/20,131.330002,133.630005,128.889999,129.520004,128.519928,14112800
7/14/20,129.279999,132.5,129.029999,132.009995,130.990692,8818600
7/15/20,132.270004,134.130005,130.800003,132,130.980774,10577100
7/16/20,132.050003,132.729996,131.240005,132.199997,131.17923,5892200
7/17/20,133.369995,133.369995,131.470001,131.740005,130.722794,6063200
7/20/20,131.960007,132.740005,131.139999,131.470001,130.454865,6114200
7/21/20,131.559998,133.990005,131.449997,132.330002,131.308228,7240400
7/22/20,132.570007,133.029999,131.190002,132.660004,131.635681,5388200
7/23/20,133,133.149994,131.309998,131.639999,130.62355,5598800
7/24/20,130.949997,132.399994,130.509995,131.240005,130.226639,4345800
7/27/20,130.860001,131.979996,130.860001,131.210007,130.196884,4681900
7/28/20,131.5,132.380005,130.919998,131.759995,130.74263,4804700
7/29/20,131.559998,131.860001,129.850006,130.690002,129.680893,4741100
7/30/20,129.419998,130.419998,128.720001,130.119995,129.115295,4596100
7/31/20,129.649994,130.089996,127.620003,129.399994,128.400848,7211500
8/3/20,129.910004,130.119995,128.270004,129.300003,128.301636,4990500
8/4/20,129.649994,131.710007,128.940002,131.639999,130.62355,6073200
8/5/20,130.449997,130.75,128.830002,129.809998,128.807678,8503600
8/6/20,129.130005,130.229996,129.029999,129.350006,128.351242,4832100
8/7/20,129.580002,130.460007,129.110001,129.970001,128.966446,5516500
8/10/20,130.240005,132.339996,129.649994,131.880005,130.861694,5894400
8/11/20,132.589996,132.869995,129.729996,130.199997,129.194672,8453400
8/12/20,130.470001,132.229996,129.080002,131.889999,130.871628,6372100
8/13/20,131.210007,131.960007,130.729996,131.850006,131.369812,6622400
8/14/20,132.339996,132.970001,131.630005,132.600006,132.117081,6702100
8/17/20,134.350006,136.130005,133.850006,135.600006,135.106155,13155000
8/18/20,136.169998,137.630005,133.169998,134.710007,134.219391,26744200
8/19/20,134.210007,134.660004,131.850006,132.410004,131.927765,12718400
8/20/20,131.210007,132.070007,130.050003,130.570007,130.094467,8936900
8/21/20,130.550003,132.669998,130.100006,131.630005,131.150604,8288000
8/24/20,132.25,132.479996,130.330002,131.330002,130.8517,6604600
8/25/20,130.800003,131.240005,129.669998,130.630005,130.154251,7240800
8/26/20,130.210007,130.880005,129.699997,130.699997,130.223984,6271600
8/27/20,131.080002,139.350006,130.899994,136.630005,136.132401,39672900
8/28/20,141,141.070007,137.839996,140.300003,139.789032,21350300
8/31/20,137.479996,138.889999,135.529999,138.850006,138.344315,15078800
9/1/20,141.199997,149.589996,140.050003,147.589996,147.052475,35708200
9/2/20,151.25,151.330002,145.610001,147.679993,147.142136,17222000
9/3/20,146.699997,149.600006,141.809998,144.539993,144.01358,16005000
9/4/20,144.020004,145.039993,140.100006,142.830002,142.309814,11327400
9/8/20,141.410004,141.899994,138.259995,138.449997,137.945755,11322300
9/9/20,140.089996,142.610001,139.449997,139.889999,139.380524,11223000
9/10/20,140.059998,140.539993,136.589996,136.809998,136.311737,11236400
9/11/20,137.050003,138.440002,135.550003,136.699997,136.202133,9626600
9/14/20,136.139999,141.100006,135.880005,137.320007,136.819885,15244600
9/15/20,138.229996,139.080002,136.679993,137.360001,136.859726,10142600
9/16/20,138.410004,138.679993,136.050003,136.259995,135.763733,9286800
9/17/20,135.429993,137.570007,135.020004,136.690002,136.192169,12415000
9/18/20,136.440002,137.529999,134.75,135.289993,134.797256,18236400
9/21/20,136.5,137.240005,135.289993,137.070007,136.570801,15758500
9/22/20,137.070007,138.990005,136.570007,138.309998,137.806274,11034000
9/23/20,139,139.240005,135.820007,135.990005,135.49472,7711100
9/24/20,135.729996,137.789993,135.070007,136.699997,136.202133,9817700
9/25/20,136.520004,137.539993,135.960007,137.270004,136.770065,7539600
9/28/20,137.160004,138.050003,136.720001,137.25,136.750137,7065700
9/29/20,137.25,138.139999,136.389999,137.139999,136.640533,9234300
9/30/20,137.389999,141.740005,137.199997,139.910004,139.400452,11605300
10/1/20,140.800003,144.380005,140.259995,143.080002,142.558899,14430300
10/2/20,142.339996,143.100006,140.130005,140.5,139.988297,8195000
10/5/20,141.289993,142.190002,141.070007,141.800003,141.283569,4753000
10/6/20,141.869995,142.940002,140.25,140.630005,140.117828,7158500
10/7/20,141.259995,141.550003,140.25,140.889999,140.376877,5649700
10/8/20,141.509995,142.089996,141.119995,141.360001,140.845169,4892300
10/9/20,141.660004,143.339996,141.559998,142.779999,142.259995,4831600
10/12/20,143.020004,145.389999,143.020004,144.25,143.72464,6134100
10/13/20,144.679993,146.600006,144.360001,146.229996,145.697418,7933400
10/14/20,146.399994,146.529999,143.759995,143.940002,143.415771,6574100
10/15/20,143.089996,144.960007,142.839996,144.529999,144.003616,4564200
10/16/20,145.399994,146.149994,144.470001,144.710007,144.182968,5645000
10/19/20,145.100006,145.369995,142.75,142.949997,142.429367,4881100
10/20/20,144.110001,145.529999,143.619995,143.899994,143.3759,4841000
10/21/20,143.839996,145.729996,143.839996,144.399994,143.874084,4371400
10/22/20,144.190002,144.559998,142.690002,143.550003,143.027191,4448000
10/23/20,143.970001,144.139999,142.850006,143.850006,143.326096,3513500
10/26/20,142.839996,143.119995,140.940002,142.160004,141.642258,5370600
10/27/20,142.050003,143.699997,141.970001,142.869995,142.349655,3943700
10/28/20,140.960007,142.130005,139.880005,140.039993,139.529968,5616400
10/29/20,140,141.110001,138.699997,139.919998,139.4104,5051300
10/30/20,139.179993,140.089996,137.369995,138.75,138.244675,6200600
11/2/20,140.589996,140.809998,139.029999,140.399994,139.888657,5525200
11/3/20,141.649994,144.160004,141.570007,142.779999,142.259995,5137700
11/4/20,141.570007,144.389999,141.339996,141.960007,141.442978,5975800
11/5/20,144,144.229996,142.940002,143.470001,142.947479,4734200
11/6/20,144.360001,146.220001,143.550003,145.770004,145.239105,5399500
11/9/20,148,148.199997,143.479996,143.539993,143.017212,9399500
11/10/20,143.75,146.440002,143.529999,145.559998,145.029861,6066400
11/11/20,146.919998,148.960007,146.399994,147.979996,147.441055,6268600
11/12/20,148.479996,148.710007,147.100006,148.229996,147.69014,4188100
11/13/20,148.940002,150.940002,147.520004,150.539993,149.99173,6579400
11/16/20,150.529999,153.399994,149.279999,152.440002,151.884811,11520100
11/17/20,150.5,153.240005,149.179993,149.369995,148.825989,14237200
11/18/20,149.860001,151.669998,149.050003,149.089996,148.547012,8312300
11/19/20,149.460007,152.449997,149.320007,152.119995,151.565964,6196900
11/20/20,151.169998,152.759995,149.809998,150.240005,149.692825,7312400
11/23/20,150.369995,151.399994,149.369995,150.929993,150.380295,6185700
11/24/20,151.740005,151.979996,150.270004,151.360001,150.808746,5718400
11/25/20,151.25,152.389999,151.210007,151.830002,151.277039,4611100
11/27/20,152.149994,152.720001,151.100006,151.600006,151.047882,3666500
11/30/20,151.600006,152.949997,150.100006,152.789993,152.233536,10898500
12/1/20,153.600006,153.660004,151.660004,152.639999,152.084076,7647100
12/2/20,152,152.619995,149.529999,150.520004,149.971802,7849000
12/3/20,150.279999,150.279999,148.389999,149.300003,148.756256,8575300
12/4/20,149.509995,149.509995,147.580002,148.910004,148.367676,6963100
12/7/20,148.460007,148.990005,147.160004,148.110001,147.570587,6159700
12/8/20,147.360001,149.850006,147.179993,149.449997,148.905701,6905500
12/9/20,150,150,147.889999,148.270004,147.729996,6713200
12/10/20,147.75,148.149994,146.570007,147.039993,147.039993,6884100
12/11/20,146.919998,147.509995,145.940002,147,147,5620300
12/14/20,147.699997,147.720001,145.399994,145.649994,145.649994,8362700
12/15/20,145.520004,146.360001,144.860001,145.580002,145.580002,10631500
12/16/20,146.240005,146.889999,145.080002,145.429993,145.429993,8550300
12/17/20,146.059998,146.440002,145.149994,146.100006,146.100006,10226500
12/18/20,146.619995,147.179993,145.160004,145.949997,145.949997,13794700
12/21/20,145.5,146.669998,145.059998,145.970001,145.970001,8517700
12/22/20,145.149994,146.229996,143.139999,144.199997,144.199997,12533000
12/23/20,143.539993,144.220001,142.300003,143.220001,143.220001,6810200
12/24/20,143.539993,144.389999,143.179993,143.5,143.5,3018200
12/28/20,144.039993,145.300003,143.330002,145.220001,145.220001,6448300
12/29/20,145.639999,145.850006,143.589996,144.300003,144.300003,5979400
12/30/20,144.880005,145.149994,143.940002,144.179993,144.179993,6250400
12/31/20,144.199997,144.270004,142.850006,144.149994,144.149994,5933600
1/4/21,144.300003,146.889999,144.279999,146.529999,146.529999,10727400
1/5/21,146.600006,147.070007,144.490005,145.75,145.75,8832700
1/6/21,145.089996,148.100006,145.009995,146.660004,146.660004,7306300
1/7/21,147.619995,147.759995,146.039993,146.649994,146.649994,6846000
1/8/21,146.880005,147,145.809998,146.630005,146.630005,8156500